,card href,card-heading,card-img-top src,rating-badge,light,num-photos,mb-3,clickable,clickable 2,clickable 3,card-text,mb-3 2,mb-3 3,collection-cta,collection-cta href,btn,btn href,Time,TimeInNumber
0,https://www.holidify.com/places/andaman-nicobar-islands/,"1. Andaman & Nicobar Islands - Blue seas, virgin islands and colonial past",https://www.holidify.com/images/bgImages/ANDAMAN-NICOBAR-ISLANDS.jpg,4.5,/5,View 19+ photos,Known For :,Radhanagar Beach,Cellular Jail,Ross Island,"Replete with picturesque shimmering beaches, lagoons of turquoise blue waters and a bit of history, Andaman & Nicobar Islands is one of the most loved places to visit in April in India. A little slice of paradise, it is tucked around 1,400 km away from the east coast. The union territory comprises a total of 572 islands, only 37 of which are inhabited and a few are open to tourists. Havelock and Neil Island are the most famous islands known for pearly white sands, palm-lined shores and offer some of the best snorkelling and diving options in India.",October to Jun,Best Time:,82 Andaman Attractions,https://www.holidify.com/places/andaman-nicobar-islands/sightseeing-and-things-to-do.html,View Packages,https://www.holidify.com/places/andaman-nicobar-islands/packages.html,April,4
1,https://www.holidify.com/places/auli/,"2. Auli, Uttarakhand - The skiing destination of India",https://www.holidify.com/images/bgImages/AULI.jpg,4.2,/5,View 12+ photos,Known For :,Skiing in Auli,Trishul Peak,Auli Ropeway,"One of the most adventurous and yet safe options among the Himalayan Ski circuit, Auli is known still one of the lesser marvels on Devbhoomi, Uttarakhand. It is one of the best places to visit in April in India as the temperatures range from cool and comfortable 7 to 17 degrees centigrade. The lush conifers surrounding this snowy paradise make for the perfect view. Many easy single day trek options are also available.",Throughout the year,Best Time:,12 Auli Attractions,https://www.holidify.com/places/auli/sightseeing-and-things-to-do.html,View Hotels,https://www.holidify.com/places/auli/hotels-where-to-stay.html,April,4
2,https://www.holidify.com/places/srinagar/,"3. Srinagar, Jammu & Kashmir - Experience the Tulip Festival this April",https://www.holidify.com/res/images/patt.png,4.5,/5,View 38+ photos,Known For :,Dal Lake,Shalimar Bagh,Wular Lake,"Sheltered by the snowy white mountains, Srinagar is the summer capital of Jammu and Kashmir. It is the most picturesque in spring because of the flowering tulips. Srinagar is one of the best places to visit in April in India due to the Tulip Festival which attracts tourists from around the world. The festival also features cultural programs, the sale of local handicrafts and Kashmiri folk songs. However, make sure you check with a local about the exact dates for this one, since they do seem to shift about the calendar each year. And yes, one must surely not miss the traditional Kashmiri Cuisine, while here.",April to October,Best Time:,39 Srinagar Attractions,https://www.holidify.com/places/srinagar/sightseeing-and-things-to-do.html,View Packages,https://www.holidify.com/places/srinagar/packages.html,April,4
3,https://www.holidify.com/places/kodaikanal/,"4. Kodaikanal, Tamil Nadu - The Princess of Hill Stations",https://www.holidify.com/res/images/patt.png,4.4,/5,View 25+ photos,Known For :,Green Valley View (Suicide Point),Kodaikanal Lake,Bear Shola Falls,"Kodaikanal is small, intimate, misty, and mountainous, attracting tourists towards this captivating hill town. Located in the Palani Hills of the Western Ghats, Kodai clings to the mountains draped in forests of pine, gum trees and kurinji shrubs. Festivals and flower shows make Kodai one of the best places to visit in April in India. The treks nearby Kodai and the white waterfalls are very rewarding. Also while here, don’t forget to shop for cheese, embroidery work, homemade chocolates and various other handicraft items.",September to May,Best Time:,35 Kodaikanal Attractions,https://www.holidify.com/places/kodaikanal/sightseeing-and-things-to-do.html,View Hotels,https://www.holidify.com/places/kodaikanal/hotels-where-to-stay.html,April,4
4,https://www.holidify.com/places/coorg/,"5. Coorg, Karnataka - The Scotland of India",https://www.holidify.com/res/images/patt.png,4.2,/5,View 31+ photos,Known For :,Abbey Falls,Talakaveri,Raja's Seat,"Located amidst imposing mountains in Karnataka with a perpetually misty landscape, Coorg is the place to be for all nature lovers. Officially known as Kodagu, is the most affluent hill station in Karnataka. It is well known for its breathtakingly exotic scenery and lush greenery. Forest covered hills, spice and coffee plantations only add to the landscape. is the region's centre point with all transportation for getting around starting from here. To beat the scorching heat of Indian summers, a lot of tourists choose Coorg as their summer destination. The temperature in summers ranges between 22°C - 40°C. The mist of clouds covering the mountains and the pleasant breeze accompanying throughout definitely makes Coorg a much sought-after destination in April.",October to March,Best Time:,35 Coorg Attractions,https://www.holidify.com/places/coorg/sightseeing-and-things-to-do.html,View Hotels,https://www.holidify.com/places/coorg/hotels-where-to-stay.html,April,4
5,https://www.holidify.com/places/mahabaleshwar/,"6. Mahabaleshwar, Maharashtra - Visit the lip-smacking Annual Strawberry Festival",https://www.holidify.com/res/images/patt.png,4.4,/5,View 20+ photos,Known For :,Elephant's Head Point,Chinaman's Falls,Dhobi Waterfall,"A hill town in the Western Ghats, apart from its strawberries, Mahabaleshwar is also well known for its numerous rivers, magnificent cascades and majestic peaks. Mahabaleshwar is also very well known for hosting the Annual Strawberry Festival with produce strawberry products with freshly grown strawberry. It is one of the best places to visit in April in India and tourists often stay at Mahabaleshwar to enjoy freshly grown strawberries and pick out their favourite berry products. April 14th to 16th",October to June,Best Time:,31 Mahabaleshwar Attractions,https://www.holidify.com/places/mahabaleshwar/sightseeing-and-things-to-do.html,View Hotels,https://www.holidify.com/places/mahabaleshwar/hotels-where-to-stay.html,April,4
6,https://www.holidify.com/places/dalhousie/,"7. Dalhousie, Himachal Pradesh - Little Switzerland of India",https://www.holidify.com/res/images/patt.png,4.3,/5,View 11+ photos,Known For :,Panchpula,Khajjiar,Kalatop Wildlife Sanctuary,"Dalhousie is one of those cool mountain retreats that the British left behind, with pine-clad valleys and distant mountain views. Though there is not a lot to do here other than stroll around admiring the views, yet it is a perfect place to unwind from the fast-paced life of a metro. You can visit the British-era churches of St John and St Francis. You can experience the old world charm here in the majestic Victorian style mansions sprawled along the town.",Throughout the year,Best Time:,28 Dalhousie Attractions,https://www.holidify.com/places/dalhousie/sightseeing-and-things-to-do.html,View Packages,https://www.holidify.com/places/dalhousie/packages.html,April,4
7,https://www.holidify.com/places/ladakh/,"8. Leh Ladakh, Jammu & Kashmir - India's Own Moonland",https://www.holidify.com/res/images/patt.png,4.6,/5,View 92+ photos,Known For :,Pangong Lake,Khardung La,Nubra Valley,"Stunning Gompas, fluttering prayer flags, whitewashed stupas, Ladakh is a riot of intricate murals and red-robed monks. Dominated by dramatic landscapes, Ladakh is known as the world's coldest desert. Ladakh is accessible in April, but it still extremely cold.",Jun to Sep,Best Time:,69 Ladakh Attractions,https://www.holidify.com/places/ladakh/sightseeing-and-things-to-do.html,View Packages,https://www.holidify.com/places/ladakh/packages.html,April,4
8,https://www.holidify.com/places/manali/,"9. Manali, Himachal Pradesh - Lover's Paradise & India's Honeymoon capital",https://www.holidify.com/res/images/patt.png,4.5,/5,View 11+ photos,Known For :,Solang Valley,Rohtang Pass,Old Manali,"Nestled in between the snow-capped slopes of the Pir Panjal and the Dhauladhar ranges, Manali is one of the most popular hill stations in India. From museums to temples, from quaint little hippie villages to bustling upscale streets, river adventures to trekking trails, Manali has every reason to be the tourist magnet it is.",October to June,Best Time:,49 Manali Attractions,https://www.holidify.com/places/manali/sightseeing-and-things-to-do.html,View Packages,https://www.holidify.com/places/manali/packages.html,April,4
9,https://www.holidify.com/places/kasauli/,"10. Kasauli, Himachal Pradesh - Cozy little hill-station",https://www.holidify.com/res/images/patt.png,4.0,/5,View 22+ photos,Known For :,Monkey Point Kasauli,"Mall Road, Kasauli",Gilbert Trail,"Located on the way from  to Shimla, Kasauli is a hilly cantonment town which makes for an ideal peaceful holiday location, away from the rush. Kasauli is a beautiful place to visit in spring.",Throughout the year,Best Time:,12 Kasauli Attractions,https://www.holidify.com/places/kasauli/sightseeing-and-things-to-do.html,View Packages,https://www.holidify.com/places/kasauli/packages.html,April,4
10,https://www.holidify.com/places/dharamsala/,"11. Dharamshala, Himachal Pradesh - The little Lhasa in India",https://www.holidify.com/res/images/patt.png,4.1,/5,View 31+ photos,Known For :,Dharamshala Cricket Stadium,"Namgyal Monastery, Mcleodganj",Triund,"The home of the Dalai Lama and the spiritual centre for the Tibetan Buddhists, Dharamshala is one of the most peaceful locations in India. It is a beacon of spirituality with the awe-inspiring natural beauty. This is one of the best places to visit in April in India to replace the chilly winters for the pleasant summers. Dharamshala is your go-to place to try out the thrilling treks in the Himalayas and exploring the Tibetan monasteries. If you are lucky enough, you might also be able to meet the Dalai Lama at the occasional public teachings held in Ganchen Kyishong after Losar (Tibetan New Year). And if not, simply relaxing in the mesmerising and peaceful environs of Dharamshala will leave you rejuvenated and recharged.",October to June,Best Time:,35 Dharamsala Attractions,https://www.holidify.com/places/dharamsala/sightseeing-and-things-to-do.html,View Packages,https://www.holidify.com/places/dharamsala/packages.html,April,4
11,https://www.holidify.com/places/pahalgam/,"12. Pahalgam, Jammu & Kashmir - Trekking in the Himalayas opens in April!",https://www.holidify.com/res/images/patt.png,4.4,/5,View 11+ photos,Known For :,Chandanwari,Betaab Valley,Aru Valley,"With untouched and gorgeous natural beauty, Pahalgam is a feast to the eyes and senses. Submerged in lush greenery and alluring Himalayan ranges, it calls for some moments of quiescence at nature's own home. As the glaciers melt by April, you can go white water rafting and trekking through the mighty Himalayas. Trek along the Lidder River to Aru or Chandanwari to experience the wonder of the hills. In the summer, the valley is surrounded by towering mountains and looks verdant green.",Throughout the year,Best Time:,18 Pahalgam Attractions,https://www.holidify.com/places/pahalgam/sightseeing-and-things-to-do.html,View Packages,https://www.holidify.com/places/pahalgam/packages.html,April,4
12,https://www.holidify.com/places/mount-abu/,"13. Mount Abu, Rajasthan - A beautiful hill station in Rajasthan",https://www.holidify.com/res/images/patt.png,4.4,/5,View 15+ photos,Known For :,Nakki Lake,Guru Shikhar,Toad Rock,"The only hill station of , its cool atmosphere and lush green surroundings make Mount Abu a major tourist spot within the state. The most important attraction here are undoubtedly the , which is one of the most stunning piece of architecture. Enjoy calm and relaxed boating in the Nakki Lake, and a view of the sunset from the Sunset Point. The highest peak of the Aravali Range also lies in Mt. Abu, surrounded by dense green forests.",October to March,Best Time:,21 Mount Abu Attractions,https://www.holidify.com/places/mount-abu/sightseeing-and-things-to-do.html,View Packages,https://www.holidify.com/places/mount-abu/packages.html,April,4
13,https://www.holidify.com/places/mcleodganj/,"14. Mcleodganj, Himachal Pradesh - Land of His Holiness the Dalai Lama - Little Lhasa",https://www.holidify.com/res/images/patt.png,4.4,/5,View 19+ photos,Known For :,Bhagsu Falls,Namgyal Monastery,Bhagsunag Temple,"Mcleodganj is a hill station near Dharamshala, popular among trekkers. Its culture is a beautiful blend of Tibetan with some British influence.",October to June,Best Time:,37 Mcleodganj Attractions,https://www.holidify.com/places/mcleodganj/sightseeing-and-things-to-do.html,View Packages,https://www.holidify.com/places/mcleodganj/packages.html,April,4
14,https://www.holidify.com/places/wayanad/,"15. Wayanad, Kerala - Nature's Abode",https://www.holidify.com/res/images/patt.png,4.3,/5,View 71+ photos,Known For :,Banasura Sagar Dam,Wayanad Wildlife Sanctuary,Chembra Peak,"Replete with waterfalls, historical caves, comfortable resorts and homestays, Wayanad in Kerala is famous for its spice plantations and wildlife. Walking through the sprawling spice plantations, trekking to the pre-historic caves and experiencing a resort holiday are one of the many things you can do to get a taste of Wayanad.",Throughout the year,Best Time:,34 Wayanad Attractions,https://www.holidify.com/places/wayanad/sightseeing-and-things-to-do.html,View Hotels,https://www.holidify.com/places/wayanad/hotels-where-to-stay.html,April,4
15,https://www.holidify.com/places/munsiyari/,"16. Munsiyari, Uttarakhand",https://www.holidify.com/res/images/patt.png,4.6,/5,View 13+ photos,Known For :,Birthi falls,Maheshwari Kund,Panchachuli Peak,"Often referred to as ""Little Kashmir"", Munsiyari is a cosy hamlet located in the  District of Uttarakhand. Situated at an altitude of 2298 metres, the pretty little hill town is known for its panorama of snow-capped Himalayan Range and some adventurous trekking trails.","April to June, October to November",Best Time:,16 Munsiyari Attractions,https://www.holidify.com/places/munsiyari/sightseeing-and-things-to-do.html,View Hotels,https://www.holidify.com/places/munsiyari/hotels-where-to-stay.html,April,4
16,https://www.holidify.com/places/coonoor/,"17. Coonoor, Tamil Nadu",https://www.holidify.com/res/images/patt.png,4.3,/5,View 5+ photos,Known For :,Sim's Park,Dolphin's Nose,Ketti Valley,"Located in the world-renowned Nilgiris, Coonoor is popular among those who want to enjoy nature's bounty but without the overflowing tourists. Sim's Park, a botanical garden in the city frequented mostly by locals and those visiting Coonoor, hosts an annual Fruit Show in the summers. The Dolphin's Nose Point, a one of a kind viewpoint, provides a panoramic view of the mesmerising Nilgiri Hills and the Catherine Falls. Trekking trails leading out of the town are also taken by those who love exploring nature in serenity.",October to March,Best Time:,17 Coonoor Attractions,https://www.holidify.com/places/coonoor/sightseeing-and-things-to-do.html,View Hotels,https://www.holidify.com/places/coonoor/hotels-where-to-stay.html,April,4
17,https://www.holidify.com/places/darjeeling/,"18. Darjeeling, West Bengal - Queen of The Himalayas",https://www.holidify.com/res/images/patt.png,4.3,/5,View 50+ photos,Known For :,Darjeeling Himalayan Railway,Tiger Hill,Batasia Loop,"The black tea capital of India, Darjeeling is known for its sprawling tea plantations, Gothic architecture and local beer made from fermented finger millet. Darjeeling is where you can go for long leisurely walks and come back with an uplifted olfactory system and millions of memories. The Peace Pagoda built here is one of the most frequented spots by those inclined towards learning more about Buddhism. One of the most loved experiences of frequent travellers here, is to watch the sunrise on the Kanchenjunga from the Tiger Hill.","February to March, September to December",Best Time:,23 Darjeeling Attractions,https://www.holidify.com/places/darjeeling/sightseeing-and-things-to-do.html,View Packages,https://www.holidify.com/places/darjeeling/packages.html,April,4
18,https://www.holidify.com/places/gangtok/,"19. Gangtok, Sikkim - The Gateway to Sikkim",https://www.holidify.com/res/images/patt.png,4.4,/5,View 28+ photos,Known For :,Nathula Pass,"MG Road, Gangtok",Rumtek Monastery,"A very popular tourist destination, Gangtok is true to its name (meaning “hill top”), as it is like a sprawl of multi-storey concrete boxes tiered along a mountain ridge. This place holds a great religious significance with the followers of Buddhism as it houses a number of monasteries. Gangtok has breathtaking scenery, glacial lakes, trekking paths, monasteries and scrumptious food. When clouds clear, typically at dawn, views are inspiring with Khangchendzonga soaring above the horizon. It is one of the best places to visit in April in India if you are looking for an offbeat destination.",Throughout the year,Best Time:,33 Gangtok Attractions,https://www.holidify.com/places/gangtok/sightseeing-and-things-to-do.html,View Packages,https://www.holidify.com/places/gangtok/packages.html,April,4
19,https://www.holidify.com/places/corbett-national-park/,"20. Jim Corbett National Park, Uttarakhand - The oldest National Park in India",https://www.holidify.com/res/images/patt.png,4.0,/5,View 32+ photos,Known For :,Jungle Safari in Corbett National Park,Corbett Waterfall,River Rafting in Corbett National Park,"India’s first national park and named after the legendary tiger hunter Jim Corbett, the Corbett National Park is a haven for wildlife enthusiasts. It has a variety of wildlife and birdlife in grassland, sal forests and river habitats, and a mesmerising location in the foothills of the Himalayas. Though Tiger spotting requires some luck, your best bet of spotting one is from April – June, when the forest cover is low and the animals come out in search of water. Commonly seen wildlife include sloth bears, langur monkeys, rhesus macaques, peacocks and several types of deer.",Mid October to Mid June,Best Time:,15 Jim Corbett Attractions,https://www.holidify.com/places/corbett-national-park/sightseeing-and-things-to-do.html,View Packages,https://www.holidify.com/places/corbett-national-park/packages.html,April,4
20,https://www.holidify.com/places/pachmarhi/,"21. Pachmarhi, Madhya Pradesh - Queen of the Satpuras",https://www.holidify.com/res/images/patt.png,4.4,/5,View 16+ photos,Known For :,Bee falls,Jata Shankar caves,Pandava Caves,"With the Satpura Tiger Reserve close-by, Pachmarhi is one of the most serene spots in the heart of the country. The only hill station in Madhya Pradesh is flanked on all sides by the majestic Satpura range and dotted with beautiful 10,000-year-old man-made cave shelters, dense sal forests and bamboo thickets. The cool and calm environment all around the year makes Pachmarhi the top pick for summers.",Throughout the year,Best Time:,18 Pachmarhi Attractions,https://www.holidify.com/places/pachmarhi/sightseeing-and-things-to-do.html,View Hotels,https://www.holidify.com/places/pachmarhi/hotels-where-to-stay.html,April,4
21,https://www.holidify.com/places/mon/,"22. Mon, Nagaland - The Home of Konyaks Nagas",https://www.holidify.com/res/images/patt.png,2.8,/5,View 11+ photos,Known For :,Veda Peak,Shangnyu Village,Chenloisho Village,"Mon is frequented usually in the first week of April when people witness the Aoleang festival of the Konyak Nagas. A vibrant mix of modern and traditional, the festival is celebrated as the beginning of the new year with the spring season, after sowing seeds for the first crop of the year. Traditional dances, music and games are showcased, with the added aim of spreading peace and cultural harmony among the tribes. The rare headhunter and tattooed Nagas are seen in great numbers during this time.April 1st to 6th",October to May,Best Time:,4 Mon Attractions,https://www.holidify.com/places/mon/sightseeing-and-things-to-do.html,,,April,4
22,https://www.holidify.com/places/lonavala/,"23. Lonavala, Maharashtra - Misty Weekend Getaway",https://www.holidify.com/res/images/patt.png,4.1,/5,View 38+ photos,Known For :,Tiger's Leap,Rajmachi Fort,Imagicaa,"Popular hill station close to Pune and Mumbai, Lonavla is the place to be during monsoons. With lots of waterfalls, lakes and hills around, Lonavala is frequented by all sorts of people, especially hikers and trekkers.",Throughout the year,Best Time:,41 Lonavala Attractions,https://www.holidify.com/places/lonavala/sightseeing-and-things-to-do.html,View Hotels,https://www.holidify.com/places/lonavala/hotels-where-to-stay.html,April,4
23,https://www.holidify.com/places/kinnaur/sarahan-sightseeing-6212.html,"24. Sarahan, Himachal Pradesh",https://www.holidify.com/res/images/patt.png,,,,,,,,"The Bhimakali Temple, one of 51 shaktipeethas (the consecrated sites of worship of the chief female deity, Sati) is located in Sarahan and attracts pilgrims around the year. Sarahan is seated deep into the lap of lush mountain scenery and is the perfect summer retreat. With the Bird Park that is the only breeding ground for pheasants in the state and home to the state bird, the monal. The Pandava Cave, where the mythological five brothers of the Hindu epic Mahabharata are said to have trekked also finds a home in Sarahan.",,,,,,,April,4
24,https://www.holidify.com/places/munnar/,"25. Munnar, Kerala - Tea Gardens, Lakes and Pretty Little hill-station",https://www.holidify.com/res/images/patt.png,4.5,/5,View 38+ photos,Known For :,Top Station,"Echo Point, Munnar",Atukkad Waterfalls,"The idyllic hill station Munnar - famous for its tea estates, exotic lush greenery and craggy peaks, is located in the Western Ghats, in the state of Kerala. It serves as the commercial centre for some of the world’s largest tea estates. In addition, Munnar has many protected areas which are home to endemic and highly endangered species like the Nilgiri Thar and the Neelakurinji.",September to May,Best Time:,47 Munnar Attractions,https://www.holidify.com/places/munnar/sightseeing-and-things-to-do.html,View Packages,https://www.holidify.com/places/munnar/packages.html,April,4
25,https://www.holidify.com/places/cherrapunjee/,"26. Cherrapunji, Meghalaya - Meghalaya's dew drop",https://www.holidify.com/res/images/patt.png,4.5,/5,View 14+ photos,Known For :,Double Decker Living Root Bridge,Dawki,Nohkalikai Waterfalls,"Among the wettest place on the Earth, Cherrapunjee with its clean and pristine surroundings is an excellent place to sit back and unwind. With a unique climate gifted to the area, its untouched beauty and an environment similar to the freshest dew drops, Cherrapunjee is sure to refresh you inside out. The waterfalls in the area only compliment the climate and the flattering pleasant air around. These include the Dain Thelen falls, Noh Sngithiang falls, Noh Kalikai falls and more. Best to visit this place in April to enjoy this rainy misty place with the lavish expanse of the Bangladeshi plains from its cliffs.",September to May,Best Time:,16 Cherrapunji Attractions,https://www.holidify.com/places/cherrapunjee/sightseeing-and-things-to-do.html,View Packages,https://www.holidify.com/places/cherrapunjee/packages.html,April,4
26,https://www.holidify.com/places/kalimpong/,"27. Kalimpong, West Bengal",https://www.holidify.com/res/images/patt.png,4.1,/5,View 20+ photos,Known For :,Durpin Dara hill,Cactus Nursery,Morgan House,"The striking contrast of the pristine Himalayas and the evergreen alpines is what strikes a first-time traveller in Kalimpong. River Teesta provides adventurers with the option of rowing downriver during the rapids. Those who are more into a relaxed and laid back vacation can take a stroll among the fragrant cardamom and cinnamon plantations (talk about natural aromatherapy!) or feast their eyes on the acacia, bamboo and orchid fields. Roads lined with sunflowers and poinsettias, and the city itself considered as an ecological hotspot, don't be surprised if you spot rarities like the red panda, Asiatic black bear, and the pangolin here.","March to June, September to December",Best Time:,21 Kalimpong Attractions,https://www.holidify.com/places/kalimpong/sightseeing-and-things-to-do.html,View Packages,https://www.holidify.com/places/kalimpong/packages.html,April,4
27,https://www.holidify.com/places/br-hills/,"28. BR Hills, Karnataka - Enjoy the festivities at the Annual Car Festival",https://www.holidify.com/res/images/patt.png,3.8,/5,View 20+ photos,Known For :,BRT Wildlife Sanctuary,Biligiri Rangaswamy Temple,Adventure Activities,"The Biligiriranga hills, or the BR Hill as they are better known, are a bit of heaven between the Western and the Eastern Ghats, with a wonderful floral diversity and a vast variety of fauna as well. BR Hills is famous for the Annual Car Festival at the local Biligiri Rangaswami Temple. Attracting many devotees from all over the state, the Annual Temple Car Festival is held during the time of Vaishakha. It is a great place to visit in April to enjoy the hill station climate during the summer month.",April to October,Best Time:,5 BR Hills Attractions,https://www.holidify.com/places/br-hills/sightseeing-and-things-to-do.html,View Hotels,https://www.holidify.com/places/br-hills/hotels-where-to-stay.html,April,4
28,https://www.holidify.com/places/pench-national-park/,"29. Pench National Park, Madhya Pradesh - The inspiration for 'The Jungle Book'",https://www.holidify.com/res/images/patt.png,4.0,/5,,Best Time:,,,,"If your sole aim of visiting a national park in India is spotting a tiger, then look no further. Fondly referred to as the Mowgli Land, Pench National Park inspired Rudyard Kipling’s popular novel “The Jungle Book”. Made up of teak trees, this place has a different flavour altogether. Pench sees fewer tourists so, as you’re driving around, you’ll feel like you have the whole park to yourself. April is the best time to spot the Tigers, who come out every few days to drink water at the stream. The park uses elephants to track tigers in the morning. The Elephant rides are the most fun way of going on a hunt to spot the tigers.",October to June,,,,View Hotels,https://www.holidify.com/places/pench-national-park/hotels-where-to-stay.html,April,4
29,https://www.holidify.com/places/thekkady/,"30. Thekkady, Kerala - Experience the Chitra Pournami Festival",https://www.holidify.com/res/images/patt.png,4.0,/5,View 20+ photos,Known For :,Periyar National Park,Periyar Tiger Trail,Bamboo Rafting,"Home to the country's largest Tiger Reserve- Periyar, Thekkady is a great way to enjoy a jungle vacation. Thekkady is one of the best places to visit in April in India to experience the Chitra Pournami Festival. Dedicated to Mangladevi, this temple symbolises the power that resides inside every ordinary woman. A 1000-year-old temple, it is located deep inside the forests of the Periyar reserve. The temple is opened only once a year to pilgrims during the Chitra Poornima Festival, as poojas are conducted throughout the day. April is also one of the best months to spot wildlife, where a lot of animals gather near the water bodies to quench their thirst, and hence it is the best time to spot animals.",Throughout the year,Best Time:,17 Thekkady Attractions,https://www.holidify.com/places/thekkady/sightseeing-and-things-to-do.html,View Packages,https://www.holidify.com/places/thekkady/packages.html,April,4
