,card href,card-heading,slick-prev,card-img-top src,slick-next,slick-active,slick-dots,slick-dots 2,slick-dots 3,slick-dots 4,slick-dots 5,rating-badge,light,num-photos,mb-3,clickable,clickable 2,clickable 3,card-text,mb-3 2,mb-3 3,collection-cta,collection-cta href,btn,btn href,Time,TimeInNumber
0,https://www.holidify.com/places/jaipur/,"1. Jaipur, Rajasthan - The Pink City",Previous,https://www.holidify.com/images/bgImages/JAIPUR.jpg,Next,1,2,3,4,5,6,4.4,/5,View 72+ photos,Known For :,Amer Fort,"City Palace, Jaipur",Nahargarh Fort,"The 'Pink City' of India, Jaipur is a palatial wonderland with its unparalleled beauty, spectacular architecture and vibrant, regal history. Jaipur is one of the best places to visit in January in India if you love literature and books. The Jaipur Literature Festival will be your Mecca! A grand festival solely dedicated to literature had been long due and JLF made it possible for all of us. So, what is the Jaipur Literature Festival? It is the annual literary festival which takes place in the royal city of Jaipur in the month of January. The Diggi Palace Hotel serves as the main venue for the event with 6 sub-venues inside.",October to March,Best Time:,62 Jaipur Attractions,https://www.holidify.com/places/jaipur/sightseeing-and-things-to-do.html,View Packages,https://www.holidify.com/places/jaipur/packages.html,January,1
1,https://www.holidify.com/places/hampi/,"2. Hampi, Karnataka - The abode of bygone ruins, rusty colors and fascinating landscape",Previous,https://www.holidify.com/images/bgImages/HAMPI.jpg,Next,1,2,3,4,5,6,4.5,/5,View 103+ photos,Known For :,"Virupaksha Temple, Hampi",Vithala Temple,Lotus Palace,"Hampi, the city of ruins, is a UNESCO World Heritage Site. Situated in the shadowed depth of hills and valleys in the state of Karnataka, this place is a historical delight for travellers. Surrounded by 500 ancient monuments, beautiful temples, bustling street markets, bastions, treasury building and captivating remains of Vijayanagar Empire, Hampi is a backpacker's delight. Hampi is an open museum with 100+ locations to explore and a favourite way to see the city from the perspective of its history.",October to March,Best Time:,31 Hampi Attractions,https://www.holidify.com/places/hampi/sightseeing-and-things-to-do.html,View Hotels,https://www.holidify.com/places/hampi/hotels-where-to-stay.html,January,1
2,https://www.holidify.com/places/jaisalmer/,"3. Jaisalmer, Rajasthan - The Golden City",Previous,https://www.holidify.com/images/cmsuploads/compressed/Day08_Jaisalmer_GrandIndiaTour_01_compressed_20180226142515.jpg,Next,1,2,3,4,5,6,4.4,/5,View 38+ photos,Known For :,Jaisalmer Fort,Desert Safari in Jaisalmer,Kuldhara Village,,October to March,Best Time:,39 Jaisalmer Attractions,https://www.holidify.com/places/jaisalmer/sightseeing-and-things-to-do.html,View Packages,https://www.holidify.com/places/jaisalmer/packages.html,January,1
3,https://www.holidify.com/places/munnar/,"4. Munnar, Kerala - Tea Gardens, Lakes and Pretty little hill-station",Previous,https://www.holidify.com/images/bgImages/MUNNAR.jpg,Next,1,2,3,4,5,6,4.5,/5,View 38+ photos,Known For :,Top Station,"Echo Point, Munnar",Atukkad Waterfalls,"The idyllic hill station Munnar - famous for its tea estates, exotic lush greenery and craggy peaks, is located in the Western Ghats, in the state of Kerala. Munnar specialises in its tantalising charm, and that is the reason people tend to escape the cold winter months and flock to this hill station. Trekking, rock climbing and rappelling are some of the activities that you must indulge yourself in to deal with the biting cold. Although do make sure to have all the necessary accessories to check out the full-fledged nature’s bounty.",September to May,Best Time:,47 Munnar Attractions,https://www.holidify.com/places/munnar/sightseeing-and-things-to-do.html,View Packages,https://www.holidify.com/places/munnar/packages.html,January,1
4,https://www.holidify.com/places/varkala/,"5. Varkala, Kerala - The hidden treasure of Kerala",Previous,https://www.holidify.com/images/bgImages/VARKALA.jpg,Next,1,2,3,4,5,6,4.5,/5,View 23+ photos,Known For :,Water Sports in Varkala,Varkala Beach,Edava Beach,"Varkala is a coastal town in the southern part of Kerala known for the unique 15m high 'Northern Cliff' adjacent to the Arabian Sea. It is popular for its hippie culture, shacks on the cliff serving great seafood and playing global music and the samadhi of Kerala's saint Sree Narayana Guru. Varkala is also known for Jardana Swami Temple, also known as Dakshin Kashi.",Throughout the year,Best Time:,24 Varkala Attractions,https://www.holidify.com/places/varkala/sightseeing-and-things-to-do.html,View Packages,https://www.holidify.com/places/varkala/packages.html,January,1
5,https://www.holidify.com/places/vagamon/,"6. Vagamon, Kerala",Previous,https://www.holidify.com/images/bgImages/VAGAMON.jpg,Next,1,2,3,4,5,6,4.2,/5,View 21+ photos,Known For :,Ulipooni Wildlife Sanctuary,Vagamon Meadows,Pine Hill,"1100 meters above sea, far way from the loud city culture, lush greenery and serenity to gift every visitor, Vagamon could be your quiet offbeat hill station in Kerala away from maddening tourist crowds.",Throughout the year,Best Time:,16 Vagamon Attractions,https://www.holidify.com/places/vagamon/sightseeing-and-things-to-do.html,View Packages,https://www.holidify.com/places/vagamon/packages.html,January,1
6,https://www.holidify.com/places/pondicherry/,7. Pondicherry - The French Riviera of the East,Previous,https://www.holidify.com/images/bgImages/PONDICHERRY.jpg,Next,1,2,3,4,5,6,4.1,/5,View 29+ photos,Known For :,"Paradise Beach, Pondicherry",Aurobindo Ashram,Auroville,"Pondicherry, also known as Puducherry and commonly referred to as just Pondy, is one of the seven Union Territories of India. is often famously referred to as the French Riviera of the East, and it is indeed one of the most charming and mesmerising places to visit in South India. Located in the state of Tamil Nadu, Pondicherry is a great beach place to visit in January in India to enjoy the perfect weather for not only sightseeing but also partaking in adventurous activities or a day at the beach.",October to March,Best Time:,48 Pondicherry Attractions,https://www.holidify.com/places/pondicherry/sightseeing-and-things-to-do.html,View Packages,https://www.holidify.com/places/pondicherry/packages.html,January,1
7,https://www.holidify.com/places/khajuraho/,"8. Khajuraho, Madhya Pradesh - The Architectural Masterpiece",Previous,https://www.holidify.com/images/bgImages/KHAJURAHO.jpg,Next,1,2,3,4,5,6,4.5,/5,View 16+ photos,Known For :,"Light and Sound Show, Khajuraho",Dulhadev Temple,Kandariya Mahadev Temple,"One of Indian civilisation's most noteworthy contribution at the international scale is the sensibility and heightened sensitivity towards the human body. Khajuraho is a UNESCO World Heritage Site, known for its evolved representation of acceptance of diversity among Hinduism and Jainism as religions, through the unified temple complexes and for its intricate erotic carvings on all the temple walls. Although diminished in number from 85 to 20 since their inception in the 12th century AD, the temples still stand strong and are visited by art, history and cultural enthusiasts from around the world. The temperatures around this time lie comfortably between 9-25 degrees Celsius, a perfect place to visit in January in India.",July to March,Best Time:,25 Khajuraho Attractions,https://www.holidify.com/places/khajuraho/sightseeing-and-things-to-do.html,View Hotels,https://www.holidify.com/places/khajuraho/hotels-where-to-stay.html,January,1
8,https://www.holidify.com/places/kochi/,"9. Kochi, Kerala - Queen of Arabian Sea",Previous,https://www.holidify.com/images/bgImages/KOCHI.jpg,Next,1,2,3,4,5,6,4.2,/5,View 46+ photos,Known For :,Mattancherry Palace,Fort Kochi,Jewish Synagogue,"Situated on the south-west coast of India, Kochi or Cochin is a bustling commercial port city with a trading history that dates back to at least 600 years. Called as the Queen of the Arabian Sea, the city is the financial, commercial and industrial capital of Kerala.",July to April,Best Time:,47 Kochi Attractions,https://www.holidify.com/places/kochi/sightseeing-and-things-to-do.html,View Packages,https://www.holidify.com/places/kochi/packages.html,January,1
9,https://www.holidify.com/places/gokarna/,"10. Gokarna, Karnataka - Land of palm trees, blue seas and golden sands",Previous,https://www.holidify.com/res/images/patt.png,Next,1,2,3,4,5,6,4.3,/5,View 21+ photos,Known For :,Om Beach,Mahabaleshwara Temple,"Paradise Beach, Gokarna","With its pristine beaches and breathtaking landscapes, Gokarna is a Hindu pilgrimage town in Karnataka and a newly found hub for beach lovers and hippies.",Throughout the year,Best Time:,20 Gokarna Attractions,https://www.holidify.com/places/gokarna/sightseeing-and-things-to-do.html,View Hotels,https://www.holidify.com/places/gokarna/hotels-where-to-stay.html,January,1
10,https://www.holidify.com/places/mawsynram/,"11. Mawsynram, Shillong",,https://www.holidify.com/res/images/patt.png,,,,,,,,3.2,/5,,,,,,"Currently the wettest place on earth (tough competition with Cherrapunjee), Mawsynram receives 12m of rain annually. The generosity of mother nature can be easily seen and experienced with the fresh air, blue skies waterfalls and lush greenery in the month of January while snuggling under a warm quilt.",,,,,,,January,1
11,https://www.holidify.com/places/andaman-nicobar-islands/havelock-island-sightseeing-1188.html,"12. Havelock Island, Andaman Nicobar-islands",,https://www.holidify.com/res/images/patt.png,,,,,,,,,,,,,,,"Havelock Island, in January in India, is a delight for all those who love quiet beaches with a never-ending horizon, sands and crystal clear waters that stretch beyond sight. Havelock Island is a hidden gem which is perfect for marine lovers, professional, and recreational alike. The Island is divided into several villages, and the main bazaar in village number 3 is quite popular among the travellers. One of the most beautiful aspects of the island is that larger sea animals, like dolphins, turtles and bigger fishes are friendly with the coastal people and are often seen without much difficulty. Snorkelling is also one of the major attractions here. With temperatures not hovering over 28 degrees and a pleasant air drifting all day, it's one of the places to visit in January in India.",,,,,,,January,1
12,https://www.holidify.com/places/kutch/,"13. Kutch, Gujarat - The White Desert of India",,https://www.holidify.com/res/images/patt.png,,,,,,,,4.4,/5,View 30+ photos,Known For :,Rann of Kutch,Kutch Desert Wildlife Sanctuary,Dholavira,"Virtually an island that resembles the shape of a tortoise, Kutch is an erstwhile princely state of India holding onto its grandeur nature from the past. It is one of the best places to visit in January in India mainly because the Rann of Kutch festival is organised during this time, and that increases the scope for a lot of activities in and around the region. Experience the full moon nights in January as the reflection of the moonlight on the white sand turns the place into a magical paradise.",July to March,Best Time:,17 Kutch Attractions,https://www.holidify.com/places/kutch/sightseeing-and-things-to-do.html,View Hotels,https://www.holidify.com/places/kutch/hotels-where-to-stay.html,January,1
13,https://www.holidify.com/places/bikaner/,"14. Bikaner, Rajasthan - The desert town of 'Camel Festival'",,https://www.holidify.com/res/images/patt.png,,,,,,,,4.3,/5,View 24+ photos,Known For :,Junagarh Fort,Karni Mata Temple,Gajner Palace,"Bikaner is one of the best places to visit in India in January with one of the chief reasons being the Camel Festival organized here, in village Ladera. Camel owners show off their decorated camels and participate in various quirky competitions, some of which are: best haircut for a camel, best fur cutting, and camel milking. The camel owners make an exclusive show out of their well-trained camels, who dance to the directions of the owners. All in all, Bikaner is a well-packaged deal for January, considering the weather and the infallible charm of the hospitable city.",October to March,Best Time:,23 Bikaner Attractions,https://www.holidify.com/places/bikaner/sightseeing-and-things-to-do.html,View Packages,https://www.holidify.com/places/bikaner/packages.html,January,1
14,https://www.holidify.com/places/auli/,"15. Auli, Uttarakhand - The skiing destination of India",,https://www.holidify.com/res/images/patt.png,,,,,,,,4.2,/5,View 12+ photos,Known For :,Skiing in Auli,Trishul Peak,Auli Ropeway,"Auli may as well be named as the snow sports and adventurer's paradise for once and for all. The tiny snow swathed area, located in the Chamoli district of ?Dev Bhoomi? Uttarakhand at the height of 2,500 metres, is fast becoming a popular skiing destination among those who want to look beyond its commercial counterparts. January is the month when temperatures here drop to sub-zero levels. Hence the heaviest parkas and pashminas are a must have if you are planning to visit. Apart from skiing, various other excursions like trekking, visiting the world's highest man-made lake or spiritual enlightenment with the views of some major Hindu pilgrimage points, like Nanda Devi and Mount Neelkanth are what makes Auli a well-rounded pit stop.",Throughout the year,Best Time:,12 Auli Attractions,https://www.holidify.com/places/auli/sightseeing-and-things-to-do.html,View Hotels,https://www.holidify.com/places/auli/hotels-where-to-stay.html,January,1
15,https://www.holidify.com/places/kalimpong/,"16. Kalimpong, West Bengal",,https://www.holidify.com/res/images/patt.png,,,,,,,,4.1,/5,View 20+ photos,Known For :,Durpin Dara hill,Cactus Nursery,Morgan House,"Kalimpong is one of the hidden gems of the east, especially known among travel enthusiasts as one of the honeymooning places to visit in January in India. Snuggling in the heaviest woollens during January the view of the Teesta river valley is a remedy for every eye aching with the mundane metropolitan sites. The Galinka and Crockety bungalows built during the British regime which happen to be exemplary specimens of colonial architecture should be your choice of accommodation for the best facilities and experience. The Morgan House is also an option if economising is an agenda on your trip here. January can be an extremely chilly and frosty, but the view of the panoramic snow-capped mountains is worth the cold.","March to June, September to December",Best Time:,21 Kalimpong Attractions,https://www.holidify.com/places/kalimpong/sightseeing-and-things-to-do.html,View Packages,https://www.holidify.com/places/kalimpong/packages.html,January,1
16,https://www.holidify.com/blog/chadar-trek-frozen-river-trek/,"17. Chadar Trek, Ladakh - Walk on the Frozen River",,https://www.holidify.com/res/images/patt.png,,,,,,,,4,/5,View 12+ photos,,,,,"The Chadar Trek or The Frozen River Expedition is one of the unique and challenging treks in India. The 6-day chadar trek across the frozen Zanskar River in Ladakh takes place during the latter part of January till the end of February or sometimes the first week of March, depending on the weather. Though, it seems a challenging trek; it isn't the most difficult; as it is a flat walk along the Chadar with minimal amounts of climbing. If you can walk for a couple of hours without much strain, you are good to go. If you're a person interested in trekking, then head over to Ladakh in January for an experience of a lifetime.",,,,,,,January,1
17,https://www.holidify.com/places/kalpetta/,"18. Kalpetta, Kerala",,https://www.holidify.com/res/images/patt.png,,,,,,,,3.9,/5,View 23+ photos,Known For :,Karapuzha Dam,Kanthanpara Waterfalls,Shopping in Kalpetta,"A tiny town with an area of little over 40 square kilometres, Kalpetta is located in the Wayanad district of God's Own Country, Kerala. If like a true Indian, you are drawn to aromatic spices and the national beverages of tea and coffee, this is just the place to be. Large coffee and tea plantations, preceded by high mountain peaks are a vision. January is a peak time for traders and tourists alike. One thing to not miss while in Kalpetta is the Wayanad Flower Show, held every year in the months of December-January. The misty mountains and cooler plains are a treat for those looking for a laid back vacationing spot with the bonus of a kitchen supplies? connoisseur's delight.",October to March,Best Time:,20 Kalpetta Attractions,https://www.holidify.com/places/kalpetta/sightseeing-and-things-to-do.html,View Packages,https://www.holidify.com/places/kalpetta/packages.html,January,1
18,https://www.holidify.com/places/aizawl/phawngpui-peak-sightseeing-8137.html,"19. Phawngpui, Mizoram",,https://www.holidify.com/res/images/patt.png,,,,,,,,3.5,/5,View 5+ photos,,,,,"Phwangpui, like Kalpetta, is one of the lesser discovered havens, and tucked up and away at the height of about 2150 metres in Mizoram. Also referred to as the Blue Mountain, Phwangpui is much revered among the locals for its folklore and local stories to housing a local deity, ?Sangau?. Apart from being spiritually significant, Phwangpui is also one of the most beautiful naturally preserved spots where flora and fauna flourish. Rhododendrons and orchids of various hues and some of the rarest animals, like the Asiatic black bear, leopard cat, gorals, capped langur, stump-tailed macaque, which are now endangered are a regular sight here. Colorful plumed sunbirds are seen soaring in the sky overhead while the calls of the barking deer transport a tourist into a nether realm of absolute natural beauty. Trekking at Phwangpui in January is a must to explore the lands, so make sure to carry all your trekking gear with you.",,,,,,,January,1
19,https://www.holidify.com/places/kabini/,"20. Kabini, Karnataka - Home to the Kabini Wildlife Sanctuary",,https://www.holidify.com/res/images/patt.png,,,,,,,,4,/5,View 15+ photos,Known For :,"Jungle Safari, Kabini",Boating in Kabini,,"Southern India is the most thronged part of the country when it comes to travellers looking to escape the harsh cold of the north, especially during January. The Kabini Wildlife Sanctuary in Karnataka is a wildlife lover's haven, and the added comfort of the breezy, pleasant southern air adds to the experience. The Sanctuary is the most popular wildlife tourism destination in south India and houses some of the most exotic varieties of animals known to the Indian populace, like the cheetah, panther, spotted deer and is also known as the best bird sanctuary in the area for maintaining and growing the 250 varieties of birds found here.",Throughout the year,Best Time:,5 Kabini Attractions,https://www.holidify.com/places/kabini/sightseeing-and-things-to-do.html,View Packages,https://www.holidify.com/places/kabini/packages.html,January,1
20,https://www.holidify.com/places/ooty/,"21. Ooty, Tamil Nadu - Queen of the Nilgiris",,https://www.holidify.com/res/images/patt.png,,,,,,,,4.2,/5,View 30+ photos,Known For :,Nilgiri Mountain Railway,Ooty Lake,"Emerald Lake, Ooty","Surrounded by lush green hills, dense forests and beautiful lakes, Ooty, the Queen of Hill Stations, is one of the most popular tourist destinations in South India and has been so since the days of the British. It's one of the places to visit in January in India, owing to it's cool and misty weather then. The place is a delight for nature lovers as it is extremely rich in flora and fauna. The numerous lakes in and around Ooty provide some of the most picturesque picnic spots in the area. Among the tourist spots in Ooty, the Rose Garden, the Botanical gardens, the tea plantations, and a visit to the colonial era buildings is a must.",Throughout the year,Best Time:,43 Ooty Attractions,https://www.holidify.com/places/ooty/sightseeing-and-things-to-do.html,View Hotels,https://www.holidify.com/places/ooty/hotels-where-to-stay.html,January,1
21,https://www.holidify.com/places/diu/,"22. Diu, Daman and Diu - A mini-Goa",,https://www.holidify.com/res/images/patt.png,,,,,,,,4.1,/5,View 33+ photos,Known For :,Naida Caves,Nagoa Beach,Gangeshwar Mahadev Temple,"Known as the 'Isle of Calm' in Portuguese, Diu is a place frequented by those who want to have a relaxing time far away from the hustle and bustle of cities. Though it's a relatively popular destination for tourists, it's not very crowded. The Portuguese influence here is very much evident in the architecture, food and even the culture of Diu. There are plenty of historic forts, churches and temples that one can visit while here. Also, being a major fishing town, an abundance of seafood is available here, much to the delight of the sea-food lovers. Enjoy the blend of Portuguese and local culture, relax on the sandy shores and dig into the lip-smacking food. It's one of the best places to visit in January in India.",July to March,Best Time:,21 Diu Attractions,https://www.holidify.com/places/diu/sightseeing-and-things-to-do.html,View Hotels,https://www.holidify.com/places/diu/hotels-where-to-stay.html,January,1
22,https://www.holidify.com/places/goa/,"23. Goa - Beaches, Sunsets and Crazy Nights",,https://www.holidify.com/res/images/patt.png,,,,,,,,4.5,/5,View 114+ photos,Known For :,Calangute Beach,Fort Aguada,Cruise in Goa,"When you think of Goa, you think of sandy beaches, amazing parties, beautiful little villages, delicious food, and magical holiday experience. It is one of the best places to visit in January due to the perfect weather, not very cold, not very hot. It's also a good time as almost all the beach shacks are open during these months. Water sports, like banana boat ride, jet ski, parasailing, etc. are also open to tourists in January on most of the popular beaches. If you like being in the crowd and are looking for fun party time, this is the time to go to Goa. Goa is considered to be one of the best places in India to enjoy Christmas and New Year season as the entire Goa is full of festivity.",October to March,Best Time:,197 Goa Attractions,https://www.holidify.com/places/goa/sightseeing-and-things-to-do.html,View Packages,https://www.holidify.com/places/goa/packages.html,January,1
23,https://www.holidify.com/places/kodaikanal/,"24. Kodaikanal, Tamil Nadu - The Princess of Hill Stations",,https://www.holidify.com/res/images/patt.png,,,,,,,,4.4,/5,View 25+ photos,Known For :,Green Valley View (Suicide Point),Kodaikanal Lake,Bear Shola Falls,"Located in the state of Tamil Nadu, Kodaikanal is one of the most famous honeymoon destinations in India. When you think of Kodaikanal, you think of a wonderful climate, cliffs covered in mist, cloud-capped mountains and beautiful lakes and valleys, and once you visit this hill station, you will find that every bit of what you have imagined it to be is true. Nestled amidst the rolling slopes of the Palani Hills in Tamil Nadu, Kodaikanal stands at an altitude of 7200 feet above sea level and has a cool, pleasant climate all year round. Kodaikanal means the gift of the forests.",September to May,Best Time:,35 Kodaikanal Attractions,https://www.holidify.com/places/kodaikanal/sightseeing-and-things-to-do.html,View Hotels,https://www.holidify.com/places/kodaikanal/hotels-where-to-stay.html,January,1
24,https://www.holidify.com/places/wayanad/,"25. Wayanad, Kerala - Nature's Abode",,https://www.holidify.com/res/images/patt.png,,,,,,,,4.3,/5,View 71+ photos,Known For :,Banasura Sagar Dam,Wayanad Wildlife Sanctuary,Chembra Peak,"Replete with waterfalls, historical caves, comfortable resorts and homestays, Wayanad in Kerala is famous for its spice plantations and wildlife. Walking through the sprawling spice plantations, trekking to the pre-historic caves and experiencing a resort holiday are one of the many things you can do to get a taste of Wayanad.",Throughout the year,Best Time:,34 Wayanad Attractions,https://www.holidify.com/places/wayanad/sightseeing-and-things-to-do.html,View Hotels,https://www.holidify.com/places/wayanad/hotels-where-to-stay.html,January,1
