,card href,card-heading,card-img-top src,rating-badge,light,num-photos,mb-3,clickable,clickable 2,clickable 3,card-text,card-text 2,card-text href,mb-3 2,mb-3 3,collection-cta,collection-cta href,btn,btn href,Time,TimeInNumber
0,https://www.holidify.com/places/ladakh/,1. Leh Ladakh and Nubra Valley - Best places to visit in India in December,https://www.holidify.com/images/bgImages/LADAKH.jpg,4.6,/5,View 92+ photos,Known For :,Pangong Lake,Khardung La,Nubra Valley,"A place of mountain routes and beautiful monasteries, solitude is best attained here. With little rainfall, splendid Pangong Lake, rugged mountain ranges and picturesque views, Nubra valley and a motorcycle are all you need for the enriching ride. June- September is a peak season here in Ladakh but you could beat most of the crowd if you plan a trip through Leh. Also, visit Nubra Valley which is located on once a trading route that connected to eastern Tibet. Although the valley is cold throughout the year, it experiences pleasant weather during summers and monsoon. Don't forget to carry your favourite cosy woollens to make you feel at home while you sip your coffee. Sightseeing, Festivals, Food & Cultural Exploration, Stargazing, River Rafting, Trekking, Mountain Biking, Jeep Safari, Motorcycle Road Trip and more.",Things to Do:,https://www.holidify.com/collections/things-to-do-in-ladakh,Jun to Sep,Best Time:,69 Ladakh Attractions,https://www.holidify.com/places/ladakh/sightseeing-and-things-to-do.html,View Packages,https://www.holidify.com/places/ladakh/packages.html,July,7
1,https://www.holidify.com/places/coorg/,"2. Coorg, Karnataka",https://www.holidify.com/images/bgImages/COORG.jpg,4.2,/5,View 31+ photos,Known For :,Abbey Falls,Talakaveri,Raja's Seat,"Karnataka's own little paradise, Coorg is beautiful no matter what time of the year. However, Coorg is prettiest places to visit in India in July. Between July-September, the mountains and valleys cover themselves with various shades of green and little sprouts of vibrant colours of the flowers soothes the eyes from the rather harsh summer. Take a walk in the rain through the valleys or just watch the mountains play hide & seek in the mists. Elephant Ride, River Rafting, Coffee & Spice Shopping, Food & Cultural Exploration, Trekking, Camping, Boating, Angling, Bird Watching, Jeep Safari, Sightseeing and more.",Things to do:,https://www.holidify.com/collections/things-to-do-in-coorg,October to March,Best Time:,35 Coorg Attractions,https://www.holidify.com/places/coorg/sightseeing-and-things-to-do.html,View Hotels,https://www.holidify.com/places/coorg/hotels-where-to-stay.html,July,7
2,https://www.holidify.com/places/spiti/,"3. Spiti Valley, Himachal Pradesh",https://www.holidify.com/res/images/patt.png,4.7,/5,View 54+ photos,Known For :,Chandratal Lake,Key Monastery,Kunzum Pass,"Famous for its splendid views and untouched natural beauty, Buddhist monasteries and Tibetan Cultural Exploration, Spiti is a destination for trekkers, hikers - only the stronghearted. The monsoon season receives moderate to heavy rainfall. Camping, Motorcycle Roadtrip, River Rafting, Spotting Snow Leopards, Local Tea Shopping, Yak Safari, Fossil Hunting Expedition, Trekking, Stargazing, Food & Cultural Exploration, Sightseeing and more.",Things to do:,https://www.holidify.com/collections/things-to-do-in-spiti,Mid May to Mid Oct,Best Time:,31 Spiti Attractions,https://www.holidify.com/places/spiti/sightseeing-and-things-to-do.html,View Packages,https://www.holidify.com/places/spiti/packages.html,July,7
3,https://www.holidify.com/places/valley-of-flowers/,"4. Valley of Flowers, Uttarakhand",https://www.holidify.com/res/images/patt.png,4.6,/5,View 43+ photos,Known For :,Valley of Flowers National Park,Nanda Devi National Park,Fauna & Flora,"Name any difficult to pronounce flower and chances are you'll find it here. The Valley of Flowers in July is carpeted by a wide range of flowers and many exotic ones too; Wild roses, blue corydalis, saxifrage, geraniums to name a few. Valley of Flowers is one of the best places to visit in July with large sprawl of nature, as the places literally bloom in the monsoons.",,,May to October,Best Time:,3 Valley Of Flowers Attractions,https://www.holidify.com/places/valley-of-flowers/sightseeing-and-things-to-do.html,View Hotels,https://www.holidify.com/places/valley-of-flowers/hotels-where-to-stay.html,July,7
4,https://www.holidify.com/places/lonavala/,"5. Lonavala, Maharashtra",https://www.holidify.com/res/images/patt.png,4.1,/5,View 38+ photos,Known For :,Tiger's Leap,Rajmachi Fort,Imagicaa,"Popular hill station close to Pune and Mumbai, Lonavala is the place to be during monsoons. With lots of waterfalls, lakes and hills around, Lonavala is frequented by all sorts of people, especially hikers and trekkers. This beautiful place to visit in India in December is surrounded by lush greenery and little poodles of water and gushing streams. Sightseeing, Trekking, Amusement Park, Wax Museum, Chikki Shopping and more.",Things to do:,https://www.holidify.com/collections/things-to-do-in-lonavala,Throughout the year,Best Time:,41 Lonavala Attractions,https://www.holidify.com/places/lonavala/sightseeing-and-things-to-do.html,View Hotels,https://www.holidify.com/places/lonavala/hotels-where-to-stay.html,July,7
5,https://www.holidify.com/places/jog-falls/,"6. Jog Falls, Karnataka",https://www.holidify.com/res/images/patt.png,4.4,/5,View 18+ photos,Best Time:,,,,"The highest waterfall of India, these magnificent falls are a major tourist attraction in Karnataka, the spellbinding view of which gives everyone a memorable experience. The beauty of this place enhances during monsoon as the area around jog falls is sulked in cold, breezy weather. The waters gush from the Sharavathi River falling from a height of 830 feet. The magnificent waterfall is a treat to every monsoon lovers eyes as it adds beauty to the sky above and the greenery around.",,,July to December,,9 Jog Falls Attractions,https://www.holidify.com/places/jog-falls/sightseeing-and-things-to-do.html,View Hotels,https://www.holidify.com/places/jog-falls/hotels-where-to-stay.html,July,7
6,https://www.holidify.com/places/amarnath/,"7. Amarnath, Jammu & Kashmir",https://www.holidify.com/res/images/patt.png,4.6,/5,,Known For :,Amarnath Cave,Amarnath Yatra,Baltal,"The Amarnath cave is a haven to an enshrined image of ice called the Shivaling formed naturally, which resembles Lord Shiva and hence this is one of the most important pilgrimages in India.",,,May to September,Best Time:,4 Amarnath Attractions,https://www.holidify.com/places/amarnath/sightseeing-and-things-to-do.html,View Packages,https://www.holidify.com/places/amarnath/packages.html,July,7
7,https://www.holidify.com/places/udaipur/,"8. Udaipur, Rajasthan",https://www.holidify.com/res/images/patt.png,4.3,/5,View 58+ photos,Known For :,Lake Pichola,"City Palace, Udaipur",Fateh Sagar Lake,"Rajasthan receives one of the lowest rainfalls in the country, making it an ideal destination to visit during monsoons with just enough rains for a pleasant climate and easy travel. Udaipur is one of the popular places to visit in July during monsoons. Udaipur, the city of lakes, has been regarded as one of the most romantic destinations in India and imagine the romance that's possible during the rains. Sajjan Garh, a palace situated 1100 ft. high above the surrounding and 3100 ft. from sea level, offers a panoramic view of the city and its lakes. Interestingly, it is also called as the Monsoon Palace.: Sightseeing, Boating, Walking Tours, Art & Handicraft Shopping, Cable Car Ropeway, Cultural Exploration and more.",Things to do,https://www.holidify.com/collections/things-to-do-in-udaipur,October to March,Best Time:,34 Udaipur Attractions,https://www.holidify.com/places/udaipur/sightseeing-and-things-to-do.html,View Packages,https://www.holidify.com/places/udaipur/packages.html,July,7
8,https://www.holidify.com/state/kerala/,9. Kerala,https://www.holidify.com/res/images/patt.png,,,,,,,,"Saving the best for the last, Kerala is a paradise in the monsoons. Kochi, Kovalam, Kozhikode are some of the beautiful places in Kerala. Lush green, fresh and rejuvenating, the rains literally brings the city bursting with life. Be it the rice boat cruises in the backwaters or relaxing at one of the many Ayurvedic spas, even a simple walk in this beautiful state and enjoying the delicious cuisine Kerala has to offer, make it a holiday well spent.: Houseboat Stay, Backwater Cruise & Tour, Wildlife Sighting, Sightseeing, Heritage Walking Tour, Art & Cultural Exploration and more.",Things to do,https://www.holidify.com/collections/things-to-do-in-kerala,,,,,,,July,7
9,https://www.holidify.com/places/west-sikkim/,"10. West Sikkim, Sikkim",https://www.holidify.com/res/images/patt.png,4.6,/5,View 35+ photos,Known For :,Pelling,Geyzing,Pemayangtse Monastery,"West Sikkim is a beautiful land on the foothills of Mount Kanchenjunga. The tranquillity is sure to bring out the wanderer in you. It is one of the best places to visit in India in July rains to witness the hills and plunge into the ancient Buddhist monasteries or talk a leisure time out camping amidst the dense forest.Things to do: Trekking, Camping and .",Sightseeing,https://www.holidify.com/places/west-sikkim/sightseeing-and-things-to-do.html,"April to June, October to December",Best Time:,21 West Sikkim Attractions,https://www.holidify.com/places/west-sikkim/sightseeing-and-things-to-do.html,View Packages,https://www.holidify.com/places/west-sikkim/packages.html,July,7
10,https://www.holidify.com/places/mount-abu/,"11. Mount Abu, Rajasthan",https://www.holidify.com/res/images/patt.png,4.4,/5,View 15+ photos,Known For :,Nakki Lake,Guru Shikhar,Toad Rock,"The only hill station in Rajasthan, Mount Abu enjoys most of the little rainfall that happens in Rajasthan. The diverse flora and majestic mountains pull people to this quaint little hill station. Also rich in history and architecture, there are glorious ancient buildings you can't get enough of. Mount Abu is one of the best places to visit in India in July for an experience you won't forget.Things to do: Boating, Hiking, Trekking, Rock Climbing, Camping, Shopping and .",Sightseeing,https://www.holidify.com/places/mount-abu/sightseeing-and-things-to-do.html,October to March,Best Time:,21 Mount Abu Attractions,https://www.holidify.com/places/mount-abu/sightseeing-and-things-to-do.html,View Packages,https://www.holidify.com/places/mount-abu/packages.html,July,7
11,https://www.holidify.com/places/kodaikanal/,"12. Kodaikanal, Tamil Nadu",https://www.holidify.com/res/images/patt.png,4.4,/5,View 25+ photos,Known For :,Green Valley View (Suicide Point),Kodaikanal Lake,Bear Shola Falls,"Kodaikanal is the most sought after honeymoon destination in South India because of its scenic beauty and it has the attribute to leave any nature lover mesmerized by its charisma.: Shikhara Ride, Cycling, Hiking, Trekking, Cave Exploration, Sightseeing and more.",Things to do,https://www.holidify.com/collections/things-to-do-in-kodaikanal,September to May,Best Time:,35 Kodaikanal Attractions,https://www.holidify.com/places/kodaikanal/sightseeing-and-things-to-do.html,View Hotels,https://www.holidify.com/places/kodaikanal/hotels-where-to-stay.html,July,7
12,https://www.holidify.com/places/orchha/,"13. Orchha, Madhya Pradesh",https://www.holidify.com/res/images/patt.png,4.5,/5,View 18+ photos,Known For :,"Jehangir Mahal, Orchha Fort",Ram Raja Temple,"Raja Mahal, Orchha Fort","The city of historic palaces and temples nestled between forests and vegetation livens up in monsoons. The rains give it a rustic charm. The Betwa river is one of the important rivers in Madhya Pradesh, has seven streams converging at Orchha which makes it a sight to watch. By and large, Madhya Pradesh receives less rainfall and seldom ferocious one, making Orchha an ideal place to visit in India in July.Things to do: River Rafting, Jungle Safari, Light & Sound Show, Kayaking, Boating, Cultural Exploration and .",Sightseeing,https://www.holidify.com/collections/holidify.com/places/orchha/sightseeing-and-things-to-do.html,July to March,Best Time:,16 Orchha Attractions,https://www.holidify.com/places/orchha/sightseeing-and-things-to-do.html,View Packages,https://www.holidify.com/places/orchha/packages.html,July,7
13,https://www.holidify.com/places/malshej-ghat/,"14. Malshej Ghat, Maharashtra",https://www.holidify.com/res/images/patt.png,4.2,/5,View 14+ photos,Known For :,Malshej Falls,Pimpalgaon Joga Dam,Harishchandragad,"A hill station in the mighty Sahyadri ranges, this place near Mumbai in monsoon is engulfed in green hills and innumerable waterfalls. The drive to Malshej Ghat through itself is calming with the picturesque view of the splendid valleys and placid lakes. This mountain pass is also home to various flora and fauna; flamingos are known to come here all the way from Europe during the monsoons! An excellent place to visit in India in July for outdoor activities like trekking, hiking, bird watching and there are some good resorts nearby to relax and rejuvenate as well.Things to do: Birdwatching, Trekking, Rock Climbing, Local Fruits & Vegetable Shopping and .",Sightseeing,https://www.holidify.com/places/malshej-ghat/sightseeing-and-things-to-do.html,July to March,Best Time:,4 Malshej Ghat Attractions,https://www.holidify.com/places/malshej-ghat/sightseeing-and-things-to-do.html,View Hotels,https://www.holidify.com/places/malshej-ghat/hotels-where-to-stay.html,July,7
14,https://www.holidify.com/places/panchgani/,"15. Panchgani, Maharashtra - The Table Land",https://www.holidify.com/res/images/patt.png,4.1,/5,View 16+ photos,Known For :,Kaas Plateau,Table Land,Mahabaleshwar,"Deriving its name from the five hills surrounding it, Panchgani is a popular hill station near , famous for its various sunset/sunrise points and scenic valley view. Panchgani seldom receives heavy downpours, but the climate remains wet, cold and foggy restricting sightseeing, especially the mountain views. One may, however, explore the city if they are fully prepped for the frequent fun showers that Panchgani receives.: Trekking, Paragliding, Strawberry Shopping, Sightseeing and more.",Mahabaleshwar,https://www.holidify.com/places/mahabaleshwar/,September to May,Best Time:,13 Panchgani Attractions,https://www.holidify.com/places/panchgani/sightseeing-and-things-to-do.html,View Hotels,https://www.holidify.com/places/panchgani/hotels-where-to-stay.html,July,7
15,https://www.holidify.com/places/cherrapunjee/,"16. Cherrapunji, Meghalaya - Meghalaya's dew drop",https://www.holidify.com/res/images/patt.png,4.5,/5,View 14+ photos,Known For :,Double Decker Living Root Bridge,Dawki,Nohkalikai Waterfalls,"Among the wettest place on the Earth, Cherrapunjee with its clean and pristine surroundings is an excellent place to sit back and unwind. Come witness the monsoon in full flow here in Cherrapunjee, when all the waterfalls come alive and the landscape looks lush green.Things to do: Trekking and .",Sightseeing,https://www.holidify.com/places/cherrapunjee/sightseeing-and-things-to-do.html,September to May,Best Time:,16 Cherrapunji Attractions,https://www.holidify.com/places/cherrapunjee/sightseeing-and-things-to-do.html,View Packages,https://www.holidify.com/places/cherrapunjee/packages.html,July,7
16,https://www.holidify.com/places/shillong/,"17. Shillong, Meghalaya",https://www.holidify.com/res/images/patt.png,4.3,/5,View 21+ photos,Known For :,Umiam Lake,Elephant Falls,Cathedral Of Mary Help Of Christians Shillong,"Known as the 'Scotland of the East' because of the rolling hills and peaks around the town, Shillong during monsoons is a great place to be visited as it sees plenty of rainfall and less of tourists which makes it a perfect place to visit in India in July. The lush misty hills, high waterfalls and brimming lakes are a must-see and the fact that it situated far away from the bustling city has made it retain its charm.: Boat Ride, Angling, Trekking, Mountain Climbing, Butterfly Museum, Shopping & Cultural Exploration, Sightseeing and more.",Things to do,https://www.holidify.com/collections/things-to-do-in-shillong,September to May,Best Time:,31 Shillong Attractions,https://www.holidify.com/places/shillong/sightseeing-and-things-to-do.html,View Packages,https://www.holidify.com/places/shillong/packages.html,July,7
17,https://www.holidify.com/places/tawang/,"18. Tawang, Arunachal Pradesh",https://www.holidify.com/res/images/patt.png,4.7,/5,View 26+ photos,Known For :,Sela Pass,Tawang Monastery,Madhuri Lake,"A mesh of China and India bestowed with enchanting landscapes is what Tawang brings to any visitor. With picturesque surroundings being a paradise for every wannabe photographers; it's sure to bring out the amateur photographer in you. The scent of spirituality in the air will draw you closer to the Buddhist monasteries, and the beautiful orchids will let your time freeze in awe.Things to do: Meditation, Hiking, Shopping and .",Sightseeing,https://www.holidify.com/places/tawang/sightseeing-and-things-to-do.html,September to March,Best Time:,9 Tawang Attractions,https://www.holidify.com/places/tawang/sightseeing-and-things-to-do.html,View Packages,https://www.holidify.com/places/tawang/packages.html,July,7
18,https://www.holidify.com/places/mahabaleshwar/,"19. Mahabaleshwar, Maharashtra",https://www.holidify.com/res/images/patt.png,4.4,/5,View 20+ photos,Known For :,Elephant's Head Point,Chinaman's Falls,Dhobi Waterfall,"The most popular hill station in the Sahyadri Ranges of Maharashtra, Mahabaleshwar offers a fantastic panoramic view of surrounding hills and valleys. Monsoons cover the area in thick vegetation and waterfalls and springs crop up. Mahabaleshwar receives some of the highest rainfalls in Maharashtra which makes the hilltops look dressed in rains.: Boat Ride, Strawberry Tasting & Shopping, Trekking, Bird Watching, Sightseeing and more.",Things to do,https://www.holidify.com/collections/things-to-do-in-mahabaleshwar,October to June,Best Time:,31 Mahabaleshwar Attractions,https://www.holidify.com/places/mahabaleshwar/sightseeing-and-things-to-do.html,View Hotels,https://www.holidify.com/places/mahabaleshwar/hotels-where-to-stay.html,July,7
19,https://www.holidify.com/places/shimoga/agumbe-sightseeing-8109.html,"20. Agumbe, Shimoga",https://www.holidify.com/res/images/patt.png,4.0,/5,View 5+ photos,,,,,"Located in the Shimoga district of Karnataka, Agumbe is a tiny village often referred to as the ""Cherrapunji of South India"". This biodiversity-rich region highest rainfall in south India and the second-highest annual rainfall in India. Visiting Agumbe is an enriching experience as this hill station and picturesque beauty coupled with trekking trails and gushing rainfalls. It is one of the last surviving lowland rainforests. This beautiful place served as the setting for India's very famous fictional town Malgudi in the TV serial Malgudi Days. Agumbe is famously known for the breathtaking sunsets over the Arabian Sea that can be witnessed from this region.Things to do: Cultural Exploration and",Sightseeing,https://www.holidify.com/places/tawang/sightseeing-and-things-to-do.html,,,,,,,July,7
20,https://www.holidify.com/places/khandala/,"21. Khandala, Maharashtra - Misty Mountains",https://www.holidify.com/res/images/patt.png,3.8,/5,View 22+ photos,Known For :,Rajmachi Fort,Visapur Fort,Bedsa caves,"Perched on the foothills of Sahyadri, Khandala provides for a perfect weekend respite for the Mumbai population, with its scenic valleys, grassy hills, serene lakes and misty waterfalls.Things to do: Trekking and",Sightseeing,https://www.holidify.com/places/khandala/sightseeing-and-things-to-do.html,Throughout the year,Best Time:,22 Khandala Attractions,https://www.holidify.com/places/khandala/sightseeing-and-things-to-do.html,View Hotels,https://www.holidify.com/places/khandala/hotels-where-to-stay.html,July,7
21,https://www.holidify.com/places/jaipur/,"22. Jaipur, Rajasthan - The Pink City",https://www.holidify.com/res/images/patt.png,4.4,/5,View 72+ photos,Known For :,Amer Fort,"City Palace, Jaipur",Nahargarh Fort,"The moment you set foot in Jaipur, you will feel like everything has come straight out of the pages of some epic novel. Jaipur is a vibrant amalgamation of the old and the new – highly urbanized pockets and shopping areas have casually sprung up beside gleaming forts and palaces. Jaipur has long been one of the shiniest cultural jewels in the history of the Indian subcontinent, and the royal corridors of the famously named 'Pink City' offer up a plethora of adventures and activities that make for a memorable holiday experience. Jaipur is one of the best places to visit in India in July mostly due to the cool climate because of the rains and the hills around the city look lush green and the landscapes change dramatically.: Art & Cultural Exploration, Sightseeing, Hot Air Balloon Ride, Shopping, Elephant Ride and more.",Things to do,https://www.holidify.com/collections/things-to-do-in-jaipur,October to March,Best Time:,62 Jaipur Attractions,https://www.holidify.com/places/jaipur/sightseeing-and-things-to-do.html,View Packages,https://www.holidify.com/places/jaipur/packages.html,July,7
22,https://www.holidify.com/places/kudremukh/,"23. Kudremukh, Karnataka - Close to the Nature's Face",https://www.holidify.com/res/images/patt.png,4.5,/5,View 33+ photos,Known For :,Kudremukh Trek,Kudremukh National Park,Hanuman Gundi Falls,"With the promise of a picturesque view of a mountain in the shape of a horse face, Kudremukh is famous for its biodiversity and scenic beauty.Things to do: Trekking, Wildlife Spotting, Shopping and .",Sightseeing,https://www.holidify.com/places/kudremukh/sightseeing-and-things-to-do.html,October to May,Best Time:,10 Kudremukh Attractions,https://www.holidify.com/places/kudremukh/sightseeing-and-things-to-do.html,View Hotels,https://www.holidify.com/places/kudremukh/hotels-where-to-stay.html,July,7
23,https://www.holidify.com/places/panchgani/kaas-plateau-sightseeing-8123.html,"24. Kaas Plateau, Panchgani",https://www.holidify.com/res/images/patt.png,4.0,/5,View 11+ photos,,,,,"Declared as the UNESCO World Natural Heritage sites of India in 2012, Kaas Plateau in Panchgani is a magical place with landscapes with lakes, flowers and butterflies all around. Kaas Plateau is a biodiversity hotspot situated at a mighty altitude of 1200 metres and is a major biodiversity hotspot owing to the many varieties of endemic flowers and butterflies that are found here. Housing about 850 species of beautiful wildflowers, the 1000 hectare area of the plateau is now a reserved forest which is famous for its natural beauty and flora, Kaas Lake and how it turns into a valley of flowers during monsoon. Recently, the place has started gathering a bit of tourist rush and popularity for all the natural treasures that it holds. However, to preserve the virgin charms of this location, the number of visitors have been restricted to 3,000 per day. State Transport buses ply from the parking area to Kaas Plateau and cost INR 10 per person each side.",,,,,,,,,July,7
24,https://www.holidify.com/collections/places-to-visit-near-mumbai-in-monsoon,25. Monsoon Getaways in Western Ghats,https://www.holidify.com/res/images/patt.png,,,,,,,,"As the people in Mumbai rejoice over the rains after a long sweaty summer, it won't be long before they start cribbing over the waterlogging and traffic mess that the rains in Mumbai usually brings along with it. To escape from that, we have a list of places awesome places to visit near Mumbai in monsoon. They are just outside of Mumbai, which makes them perfect weekend getaways.",,,,,,,,,July,7
