,card href,card-heading,card-img-top src,rating-badge,light,num-photos,mb-3,clickable,clickable 2,clickable 3,card-text,mb-3 2,mb-3 3,collection-cta,collection-cta href,btn,btn href,card-text 2,Time,TimeInNumber
0,https://www.holidify.com/places/wayanad/,"1. Wayanad, Kerala - Nature's Abode",https://www.holidify.com/images/cmsuploads/compressed/Wayanad_20180224231409.jpg,4.3,/5,View 71+ photos,Known For :,Banasura Sagar Dam,Wayanad Wildlife Sanctuary,Chembra Peak,"Replete with enchanting waterfalls, historical caves, comfortable resorts and homestays, this popular town is famous for its spice plantations and wildlife. Among the prettiest areas of Kerala, Wayanad has a multitude of options for its visitors. Walking through the sprawling spice plantations, taking that trek into the pre-historic caves and experiencing a resort holiday is one of the many things you can do to get a taste of Wayanad. A great place to visit in March in India to spot wild elephants & beautiful scenery, Wayanad is guaranteed to please your travel senses. Overall, a perfect weekend idea from cities of South India. Although the temperature in Wayanad remains nearly constant throughout the year but the best time to visit Wayanad is October- May. The weather is extremely good during this period of time.",Throughout the year,Best Time:,34 Wayanad Attractions,https://www.holidify.com/places/wayanad/sightseeing-and-things-to-do.html,View Hotels,https://www.holidify.com/places/wayanad/hotels-where-to-stay.html,,March,3
1,https://www.holidify.com/places/ooty/,"2. Ooty, Tamil Nadu - Queen of the Nilgiris",https://www.holidify.com/images/bgImages/OOTY.jpg,4.2,/5,View 30+ photos,Known For :,Nilgiri Mountain Railway,Ooty Lake,"Emerald Lake, Ooty","If a lost world colonial charm is your idea of a dream vacation, look no farther than Ooty. Complete with a toy train ride to the quaint little hill station. All English everything, from the colonial style bijou, fenced flower gardens, evergreen hills and the thatched roof churches of course. The sleepy hamlet has a memorable stupor, and a sense of timelessness, with lush botanical gardens, lakes, tea plantations and waterfalls. When here, don't forget to check out popular spots like Tiger Hill, Ooty Lake and the Dodabetta Peak.",Throughout the year,Best Time:,43 Ooty Attractions,https://www.holidify.com/places/ooty/sightseeing-and-things-to-do.html,View Hotels,https://www.holidify.com/places/ooty/hotels-where-to-stay.html,,March,3
2,https://www.holidify.com/places/rameswaram/,"3. Rameshwaram, Tamil Nadu - The Bridge on the Indian Ocean",https://www.holidify.com/res/images/patt.png,4.1,/5,View 20+ photos,Known For :,Rameshwaram Temple,Dhanushkodi Temple and Beach,Jatayu Tirtham,"Rameshwaram is one of the holiest places in India and a great place to visit in March in India. March is also called the pilgrim season in Rameshwaram, meaning the town may be exceptionally crowded with chances of various processions and chants throughout the area. It is separated by a small Pamban channel from Sri Lanka. According to the Hindu mythology, this is the place where Lord Rama created a bridge across the sea to Sri Lanka.",Throughout the year,Best Time:,22 Rameswaram Attractions,https://www.holidify.com/places/rameswaram/sightseeing-and-things-to-do.html,View Packages,https://www.holidify.com/places/rameswaram/packages.html,,March,3
3,https://www.holidify.com/places/gangtok/,"4. Gangtok, Sikkim - The Gateway to Sikkim",https://www.holidify.com/res/images/patt.png,4.4,/5,View 28+ photos,Known For :,Nathula Pass,"MG Road, Gangtok",Rumtek Monastery,"Gangtok is one of the best places to visit in March for its relaxing escapade from the rigour of our daily lives. Away from the scorching heat, Gangtok is home to cold and comfortable summers between March and June with temperatures that hardly rise above 23 degree Celsius. This is also an excellent time to explore the northern as well as the western parts of this hill station since these are allowed to be visited only for a limited period during summer. Since it is the peak season, be prepared for large crowds of people.",Throughout the year,Best Time:,33 Gangtok Attractions,https://www.holidify.com/places/gangtok/sightseeing-and-things-to-do.html,View Packages,https://www.holidify.com/places/gangtok/packages.html,,March,3
4,https://www.holidify.com/pages/lathmar-holi-2419.html,"5. Lathmar Holi, Mathura - A unique place to visit in March in India for Holi",https://www.holidify.com/res/images/patt.png,,,,,,,,"Holi, a festival of colours that marks the victory of good over evil is one of the main festivals of Hindus. It is celebrated with great vigour and enthusiasm throughout India. Lathmar Holi is celebrated 4-5 days prior to the festivities of other states. However, it is interesting to note how this festival is celebrated in a rather peculiar way in Nandgaon and Barsana towns in Mathura-district of Uttar Pradesh. The towns are located some 42 kms from Mathura and are extremely popular for the celebrations during Holi. The natives are known for their interesting way of playing Holi with not only colours but also sticks. Thandai (a sweet drink) and Holi go hand in hand, so don't miss out on it! 23rd March in Barsana and on 24th March in Nandgaon in 2021.",,,,,,,Dates for Lathmar Holi:,March,3
5,https://www.holidify.com/places/andaman-nicobar-islands/havelock-island-sightseeing-1188.html,"6. Havelock Island, Andaman Nicobar-islands",https://www.holidify.com/res/images/patt.png,,,,,,,,"One of the most beautiful and serene islands in the Andaman cluster, Havelock is a paradise for those looking for a serene escape. A popular honeymooners destination as well, one of the most talked-about part of Havelock, is beach number 7, also known as the Radha Nagar Beach. Awarded in 2004 as the 'Best Beach in Asia', by Time, the swimming elephants are the most popular attraction here. With temperature not hovering over 20 degrees and cool ocean breezes flowing throughout the day, the beautifully made villas and picturesque houses make Havelock one of the best places to visit in March in India.",,,,,,,,March,3
6,https://www.holidify.com/places/rishikesh/,"7. Rishikesh, Uttarakhand - Yoga Capital of the World",https://www.holidify.com/res/images/patt.png,4.3,/5,View 37+ photos,Known For :,Rafting in Rishikesh,Lakshman Jhula,Triveni Ghat,,Throughout the year,Best Time:,53 Rishikesh Attractions,https://www.holidify.com/places/rishikesh/sightseeing-and-things-to-do.html,View Packages,https://www.holidify.com/places/rishikesh/packages.html,,March,3
7,https://www.holidify.com/places/varanasi/,"8. Varanasi, Uttar Pradesh - The Spiritual Capital of India",https://www.holidify.com/res/images/patt.png,4.4,/5,View 23+ photos,Known For :,Kashi Vishwanath Temple,"Ganga Aarti, Varanasi",Dashashwamedh Ghat,"Varanasi, the world's oldest continually habited city, can turn out to be one of your favourite stops. Also known as 'Kashi' or 'Benaras', it is regarded as one of Hinduism's seven holy cities. People come here from all around the globe to the ghats lining the River Ganga to wash away a lifetime of sins or cremate their loved ones. Varanasi is a magical place, but definitely not for the faint-hearted. A walk along the ghats or a boat ride in the river will create some wonderful memories. Brace yourself for one of the most blindingly colourful and unrelentingly chaotic city, which is the beating heart of the Hindu universe.",October to March,Best Time:,38 Varanasi Attractions,https://www.holidify.com/places/varanasi/sightseeing-and-things-to-do.html,View Hotels,https://www.holidify.com/places/varanasi/hotels-where-to-stay.html,,March,3
8,https://www.holidify.com/places/munnar/,"9. Munnar, Kerala - Tea Gardens, Lakes and Pretty little hill-station",https://www.holidify.com/res/images/patt.png,4.5,/5,View 38+ photos,Known For :,Top Station,"Echo Point, Munnar",Atukkad Waterfalls,"At a height of 6000 feet, you can be assured about tranquillity and a safe distance away from the doldrums of city life in Munnar in Kerala. Situated at the confluence of Nallathanni, Kundaly and Madharupuzha rivers, the weather all around the year is just perfect to go for an exhilarating trek or a laid back elephant ride, or even boating. Tea and spice plantations dot the landscape and the tea museum here is an absolute must visit for all travellers to Munnar. The aromas of this tiny town will faintly remain in your mind for the months to come.",September to May,Best Time:,47 Munnar Attractions,https://www.holidify.com/places/munnar/sightseeing-and-things-to-do.html,View Packages,https://www.holidify.com/places/munnar/packages.html,,March,3
9,https://www.holidify.com/pages/holi-festival-barsana-vrindavan-mathura-1673.html,"10. Vrindavan and Mathura, Uttar Pradesh - Lord Krishna's Childhood Abode for Holi",https://www.holidify.com/res/images/patt.png,4.2,/5,View 31+ photos,Known For :,Banke Bihari Mandir,Prem Mandir,Radha Raman Temple,"Vrindavan, an abode of one of the most loved Hindu deities, Krishna. The most popular celebrations that start about 40 days before the Indian festival of Holi, attracts quite the crowd from around the country and the world making it one of the best places to visit in March in India. In the temple cities of Vrindavan and Mathura, and especially in the ISKCON temples, the festival is celebrated not with colours, (as is the tradition) but with flower petals. The town is decorated beautifully and is lit up during the night, with every temple and house up in the celebrations.",October to March,Best Time:,18 Vrindavan Attractions,https://www.holidify.com/places/vrindavan/sightseeing-and-things-to-do.html,View Hotels,https://www.holidify.com/places/vrindavan/hotels-where-to-stay.html,,March,3
10,https://www.holidify.com/places/ladakh/,"11. Leh Ladakh, Jammu & Kashmir - India's Own Moonland",https://www.holidify.com/res/images/patt.png,4.6,/5,View 92+ photos,Known For :,Pangong Lake,Khardung La,Nubra Valley,"A land like no other with a superabundance of attractions to visit and phantasmagoric and fabulous landscapes, amazing people and culture, Ladakh is truly a heaven on Earth. Leh-Ladakh is one of the best places to visit in March in India as it celebrates, Matho Monastery, located at a distance of 26 kms from Ladakh observes annual Matho Narang Festival. It is believed that at this time of the year, two oracles inhabit the body of two specially chosen monks, who then predict the future of the village and individuals. There are ceremonial masks, ancient Thangpa paintings and monks performing spell bounding acts.",Jun to Sep,Best Time:,69 Ladakh Attractions,https://www.holidify.com/places/ladakh/sightseeing-and-things-to-do.html,View Packages,https://www.holidify.com/places/ladakh/packages.html,,March,3
11,https://www.holidify.com/places/ranthambore/,"12. Ranthambore, Rajasthan - One of the best national parks to visit in March in India",https://www.holidify.com/res/images/patt.png,4.2,/5,View 22+ photos,Known For :,Jeep Safari Ranthambore,Ranthambore Tiger Reserve,Ranthambhore Fort,"Although the appropriate time to enjoy the pleasant climate in Ranthambore is September to February, March is the month for wildlife buffs to visit the place. The most popular destination here is the Ranthambore National Park and the Ranthambore Fort. The Park, that started as a tiger preservation site for Project Tiger in 1973, has now become the biggest and most populated tiger reserve in the country. The onset of summer is when the forest is at its barest and tiger spotting is the easiest. Located within the park is the Ranthambore Fort, which is one of the six forts in Rajasthan to be a part of the World Heritage Sites. Home to the most elusive leopards and the fishing cat, the Ganesh Temple is thronged by thousands of pilgrims during the annual Ganesh Festival. For those who can't make it to the festival, any Wednesday is perfect to witness the deity dressed in decadence and worshipped in finery by the locals.",October to Apr,Best Time:,21 Ranthambore Attractions,https://www.holidify.com/places/ranthambore/sightseeing-and-things-to-do.html,View Packages,https://www.holidify.com/places/ranthambore/packages.html,,March,3
12,https://www.holidify.com/state/sikkim/,13. Sikkim - Home to the Kanchenjunga,https://www.holidify.com/res/images/patt.png,,,,,,,,"A gem in the north-east, Sikkim is the perfect place to visit in March in India for those looking forward to getting away from their city lives. Ravangla, Sikkim's only tea estate, is flanked on one side by the Kanchenjunga, is one of the hidden treasures of the valley, as are the 200 species of orchids and rhododendrons. With easy to moderately difficult hikes, that can be easily traversed by children and older people alike, to the majestic Tsongmo Lake, and the rapid water sports in the Teesta and Rangeet river, Sikkim has something to offer to people from every walk of life. March is one the perfect months to visit the place for its breezy weather and slightly nippy air for those who want to experience Sikkim in its full glory.",,,,,,,,March,3
13,https://www.holidify.com/places/kaziranga-national-park/,"14. Kaziranga National Park, Assam - Home to the One Horned Rhino",https://www.holidify.com/res/images/patt.png,3.7,/5,View 40+ photos,Best Time:,,,,"One of the most picturesque wildlife parks in India, Kaziranga is the natural habitat of the one-horned rhinoceros. It houses more than two-thirds of the world's total number of rhinos. It is a well sustained ecological park where you can spot swamp deer, sloth bears, Bengal foxes and plenty of bird life. A must-do thing here is the elephant safari to look for rhinoceros hiding in the expansive grasslands. In March, the wildlife is at its most visible, making it a good time to visit Kaziranga.",October to June,,,,View Packages,https://www.holidify.com/places/kaziranga-national-park/packages.html,,March,3
14,https://www.holidify.com/places/shillong/,"15. Shillong, Meghalaya - Scotland of the East",https://www.holidify.com/res/images/patt.png,4.3,/5,View 21+ photos,Known For :,Umiam Lake,Elephant Falls,Cathedral Of Mary Help Of Christians Shillong,"Shillong continues to be the cultural and educational hotspot of the north-east and is also a popular place to visit in March in India. With what can be called as raw life pulsating through Meghalaya's capital, Shillong in March welcomes visitors with clear blue skies forming the perfect backdrop of the Khasi Hills that flank the city on its east. Be it shopping on the Bara Bazar and the Police Bazar, or long walks among the pine trees and waterfalls or an enriching visit to the Don Bosco Museum, a vacation in Shillong in itself is a complete experience.",September to May,Best Time:,31 Shillong Attractions,https://www.holidify.com/places/shillong/sightseeing-and-things-to-do.html,View Packages,https://www.holidify.com/places/shillong/packages.html,,March,3
15,https://www.holidify.com/places/coorg/,"16. Coorg, Karnataka - The Scotland of India",https://www.holidify.com/res/images/patt.png,4.2,/5,View 31+ photos,Known For :,Abbey Falls,Talakaveri,Raja's Seat,"Located amidst imposing mountains in Karnataka with a perpetually misty landscape, Coorg is the place to be for all nature lovers.  This popular coffee producing hill station is not only popular for its beautiful green hills and the streams cutting right through them. It also stands as a popular place to visit in March in India because of its climate, culture and people. The Kodavas, a local clan specialising in martial arts, are especially notable for their keen hospitality.",October to March,Best Time:,35 Coorg Attractions,https://www.holidify.com/places/coorg/sightseeing-and-things-to-do.html,View Hotels,https://www.holidify.com/places/coorg/hotels-where-to-stay.html,,March,3
16,https://www.holidify.com/places/kodaikanal/,"17. Kodaikanal, Tamil Nadu - The Princess of Hill Stations",https://www.holidify.com/res/images/patt.png,4.4,/5,View 25+ photos,Known For :,Green Valley View (Suicide Point),Kodaikanal Lake,Bear Shola Falls,"Kodaikanal is an exceptionally laid back hill station to visit in March in India in the lush Palani Hills of the Western Ghats. With a slight fog looming in mornings and evenings, it is a popular honeymooners' destination and the sleepy traveller's paradise. Nature walks in the overly green fields, cycling in the long stretched roads and having brunches at viewpoints are some of the things you can do during your retreat here. Don't miss the sparkling waterfalls when in Kodai.",September to May,Best Time:,35 Kodaikanal Attractions,https://www.holidify.com/places/kodaikanal/sightseeing-and-things-to-do.html,View Hotels,https://www.holidify.com/places/kodaikanal/hotels-where-to-stay.html,,March,3
17,https://www.holidify.com/places/halebid/,"18. Halebidu, Karnataka - A glorious sparkling ruin",https://www.holidify.com/res/images/patt.png,4.3,/5,View 13+ photos,Known For :,Belur,Hoysaleswara Temple,Yagachi Dam,"Formerly known as Dwarasamudra, Halebid (or Halebidu) is located in the Hassan district of Karnataka state. Halebid is a city with a glorious past adorned with a strikingly beautiful collection of temples, shrines and sculptures. It is also known as the Gem of Indian architecture owing to its sterling Hoysala architecture, its magnificent temple complexes and some stunning Jain sites. Hoysala Mahotsav, a one-day celebration of classical and folk dances and music takes place sometime in March-April.",October to March,Best Time:,9 Halebidu Attractions,https://www.holidify.com/places/halebid/sightseeing-and-things-to-do.html,View Hotels,https://www.holidify.com/places/halebid/hotels-where-to-stay.html,,March,3
18,https://www.holidify.com/places/mount-abu/,"19. Mount Abu, Rajasthan - A beautiful hill station in Rajasthan",https://www.holidify.com/res/images/patt.png,4.4,/5,View 15+ photos,Known For :,Nakki Lake,Guru Shikhar,Toad Rock,"The only hill station of , its cool atmosphere and lush green surroundings make it a major tourist spot within the state. The most important attraction, however, are undoubtedly the , which is one of the most stunning piece of architecture in the country. It is one of the best places to visit in March in North India for its excellent climate.",October to March,Best Time:,21 Mount Abu Attractions,https://www.holidify.com/places/mount-abu/sightseeing-and-things-to-do.html,View Packages,https://www.holidify.com/places/mount-abu/packages.html,Rajasthan,March,3
19,https://www.holidify.com/places/tawang/,"20. Tawang, Arunachal Pradesh - The birthplace of Dalai Lama",https://www.holidify.com/res/images/patt.png,4.7,/5,View 26+ photos,Known For :,Sela Pass,Tawang Monastery,Madhuri Lake,"Tawang is usually thronged by travellers in pre- and post-monsoon and pre-winters, but for those who'd want to visit the place when it is less crowded and more soaked in slightly cold breezes, March-April is the time to be here. To get to Tawang, one has to go through the Sela Top Pass, which is covered in snow mostly throughout the year. One of the most enrapturing places to not miss when in Tawang, is the Tipi Orchid Sanctuary which blooms with hundreds of varieties of orchids all year round. The famous and much sought out Tibetan festival, Losar, is also held in the months of February-March here.",September to March,Best Time:,9 Tawang Attractions,https://www.holidify.com/places/tawang/sightseeing-and-things-to-do.html,View Packages,https://www.holidify.com/places/tawang/packages.html,,March,3
20,https://www.holidify.com/places/hampi/,"21. Hampi, Karnataka - The abode of bygone ruins, rusty colors and fascinating landscape",https://www.holidify.com/res/images/patt.png,4.5,/5,View 103+ photos,Known For :,"Virupaksha Temple, Hampi",Vithala Temple,Lotus Palace,"A World Heritage Site, Hampi is a place where you can lose yourself amongst the bewitching ruins or be mesmerised by the vagaries of nature. The forlorn ruins of Hampi make you spellbound the minute you cast your eyes on it. Millions of years of volcanic activity and erosion have resulted in such a forlorn landscape. It is a major pit stop for the travellers. The Hampi Bazaar is a travellers ghetto with the village crammed with shops and restaurants. It is possible to see the main sites in a day or two, however, plan on lingering for a while.",October to March,Best Time:,31 Hampi Attractions,https://www.holidify.com/places/hampi/sightseeing-and-things-to-do.html,View Hotels,https://www.holidify.com/places/hampi/hotels-where-to-stay.html,,March,3
21,https://www.holidify.com/places/lakshadweep-islands/,22. Lakshadweep - Blue Sea and Unspoiled Beaches,https://www.holidify.com/res/images/patt.png,4.0,/5,View 24+ photos,Known For :,Minicoy Island,Agatti Islands,Bangaram Island,"Literally meaning a 'hundred thousand islands', Lakshadweep has few of the most beautiful and exotic islands and beaches of India. March to May are also good months but the weather will be hotter by 2-3-degree Celcius. Summers here are accompanied by a smorgasbord of adventure activities, which include various water sports. Be it scuba diving, snorkelling, or plain old swimming; once you decide to take part in any sport, you shall not be disappointed.",September to May,Best Time:,15 Lakshadweep Attractions,https://www.holidify.com/places/lakshadweep-islands/sightseeing-and-things-to-do.html,,,,March,3
22,https://www.holidify.com/state/punjab/,23. Punjab - Smiling State Of India,https://www.holidify.com/res/images/patt.png,,,,,,,,"Hola Mohalla in Punjab is a festival to prove your strength making Punjab an intriguing place to visit in March in India. The warrior Holi festival is put up by the Nihang Sikhs celebrated with great gusto by showcasing martial art skills while shouting their heart out. Although Holi is celebrated without showering colours, during Holi, the peasant woman of the state, enhance their walls and courtyards with paintings known as Chowkpoorana.",,,,,,,,March,3
23,https://www.holidify.com/places/jaipur/,"24. Jaipur, Rajasthan - The Pink City",https://www.holidify.com/res/images/patt.png,4.4,/5,View 72+ photos,Known For :,Amer Fort,"City Palace, Jaipur",Nahargarh Fort,"The Pink City, Jaipur is one of the most colourful, royal and majestic cities in India. It is a gateway to India's most flamboyant state. At the city's heart is located the City Palace, Jantar Mantar, the royal observatory, and the honeycomb Hawa Mahal. The food of Jaipur attracts tourists from all over the world, with its bazaars adding to the appeal. This place boasts of modernity while maintaining the traditional values. Jaipur is one of the best places to visit in March in India to witness the famous 'Elephant Festival', which is held on the day of Holi, and features Elephant polo and Elephant dance. It has a unique feel to it which can only be experienced once you are there.",October to March,Best Time:,62 Jaipur Attractions,https://www.holidify.com/places/jaipur/sightseeing-and-things-to-do.html,View Packages,https://www.holidify.com/places/jaipur/packages.html,,March,3
24,https://www.holidify.com/places/khajuraho/,"25. Khajuraho, Madhya Pradesh - The Architectural Masterpiece",https://www.holidify.com/res/images/patt.png,4.5,/5,View 16+ photos,Known For :,"Light and Sound Show, Khajuraho",Dulhadev Temple,Kandariya Mahadev Temple,"Khajuraho, known around the world for its majestic temples adorned with sensual and exotic carvings, boasts of the finest temple art in the world. These temples are superb examples of Indo-Aryan architecture and attract a large number of tourists. Out of the original 85 temples, 20 have survived the ravages of time. The Western Group of temples boasts of some stunning artwork. Khajuraho has also been accorded the status of UNESCO World Heritage Site. Be aware that missing out on Khajuraho means missing out on some of the most beautiful temples in India.",July to March,Best Time:,25 Khajuraho Attractions,https://www.holidify.com/places/khajuraho/sightseeing-and-things-to-do.html,View Hotels,https://www.holidify.com/places/khajuraho/hotels-where-to-stay.html,,March,3
25,https://www.holidify.com/places/gokarna/,"26. Gokarna, Karnataka - Land of palm trees, blue seas and golden sands",https://www.holidify.com/res/images/patt.png,4.3,/5,View 21+ photos,Known For :,Om Beach,Mahabaleshwara Temple,"Paradise Beach, Gokarna","With its pristine beaches and breathtaking landscapes, Gokarna is a Hindu pilgrimage town in Karnataka and a newly found hub for beach lovers and hippies. Situated on the coast of Karwar, Gokarna is a small town in Karnataka, primarily known for two reasons ? its beaches and temples. The temples in the town are most lively around festivals of Shivratri and Ganesh Chaturthi. November to February is especially crowded with a lot of foreigners. So in March, you can expect lesser crowd but the vibe won't be dead like during the offseason, i.e monsoon.",Throughout the year,Best Time:,20 Gokarna Attractions,https://www.holidify.com/places/gokarna/sightseeing-and-things-to-do.html,View Hotels,https://www.holidify.com/places/gokarna/hotels-where-to-stay.html,,March,3
26,https://www.holidify.com/places/palakkad/,"27. Palakkad, Kerala - The Gateway of Kerala",https://www.holidify.com/res/images/patt.png,4.2,/5,View 15+ photos,Known For :,Parambikulam Tiger Reserve,Silent Valley National Park,Vadakkanthara Temple,"The quaint twee town of Palakkad boasts of picturesque landscape, tranquil scenery and clear backwaters. Palakkad gets its name from pala trees which once dominated the area. Located near a wide low pass in the Western Ghats mountain ranges, Palakkad is the land of Palmyras and Paddy Fields and is famous as the ""gateway of Kerala"". In March, Chinakkathoor Pooram happens in Palakkad. A sparkling and extravagant procession of elephants, a ritualistic shadow puppet show, Kerala orchestra and countless local art and cultural practices come together to create the perfect Kerala festival.",July to March,Best Time:,28 Palakkad Attractions,https://www.holidify.com/places/palakkad/sightseeing-and-things-to-do.html,,,,March,3
27,https://www.holidify.com/places/kumaon/,"28. Kumaon, Uttarakhand",https://www.holidify.com/res/images/patt.png,3.5,/5,View 19+ photos,Known For :,Panchachuli Glacier,Nanda Devi Temple,Narayan Ashram,"Kumaoni or Khadi Holi of Uttrakhand is a serious musical affair making it an exciting place to visit in March in India. This Holi festival in India is celebrated by the locals who wear traditional clothes Chudidaar, Nokdaar Topi and Kurta Pyjama and dance in groups singing Khari songs. The music is played by the traditional Dhol and Hurka. Later, the crowd moves in procession greeting people in the surroundings.The celebrations last for two months.",Throughout the year,Best Time:,7 Kumaon Attractions,https://www.holidify.com/places/kumaon/sightseeing-and-things-to-do.html,View Packages,https://www.holidify.com/places/kumaon/packages.html,,March,3
28,https://www.holidify.com/state/manipur/,29. Manipur - Jewel of India,https://www.holidify.com/res/images/patt.png,,,,,,,,"The festival of Holi merges with Yaoshang in Manipur and is celebrated with dance and music. The festivities begin with the burning of hay and twigs which is followed by a folk dance called Thabal Chongba. The drums and rhythmic beats fill the night of full moon (Phalgun) with folk songs and dances.: 28th March to 29th March, 2021",,,,,,,Date,March,3
29,https://www.holidify.com/places/udaipur/,"30. Udaipur, Rajasthan - The city of Lakes",https://www.holidify.com/res/images/patt.png,4.3,/5,View 58+ photos,Known For :,Lake Pichola,"City Palace, Udaipur",Fateh Sagar Lake,"On the eve of Holi in India, a ritual called Holika Dahan is celebrated where the locals light bonfires to chase the evil spirits making it one of the best places to visit in March in India. The Mewar family of Udaipur grandly celebrates the festival. The crowd goes on a procession from the royal residence to Manek Chowk of the city palace. : 28th March, 2021",October to March,Best Time:,34 Udaipur Attractions,https://www.holidify.com/places/udaipur/sightseeing-and-things-to-do.html,View Packages,https://www.holidify.com/places/udaipur/packages.html,Date,March,3
30,https://www.holidify.com/places/amritsar/,"31. Amritsar, Punjab - One of the best place to visit in March in India for great weather",https://www.holidify.com/res/images/patt.png,4.4,/5,View 44+ photos,Known For :,Golden Temple,Wagah Border,Jallianwala Bagh,"Home of the glorious , the iconic city of Amritsar, portrays the heroic character of the Punjab. A day in this peaceful city starts with the spiritual prayers from Gurudwaras. The original name of first the ancient lake, then of the temple complex, and later the surrounding city, meaning ""pool of ambrosial nectar.""",October to March,Best Time:,33 Amritsar Attractions,https://www.holidify.com/places/amritsar/sightseeing-and-things-to-do.html,View Packages,https://www.holidify.com/places/amritsar/packages.html,Golden Temple,March,3
31,https://www.holidify.com/places/jaipur/jaipur-elephant-festival-sightseeing-1253654.html,"32. Elephant Festival in Jaipur, Jaipur",https://www.holidify.com/res/images/patt.png,,,,,,,,"Conforming to the idea of a central festival celebrated with regional variations, the 'Pink City,' the city of Jaipur witnesses an extraordinary form of celebration on the occasion of Holi. The city of Jaipur, in the Indian state of Rajasthan, organizes a festivity cum show of elephants on this occasion. Widely famous by the name of 'Jaipur Elephant festival' the festival produces a most spectacular of scenes for the onlookers. 28th March 2021",,,,,,,Dates:,March,3
32,https://www.holidify.com/pages/basanta-utsav-shantiniketan-904.html,"33. Basanta Utsav, Shantiniketan",https://www.holidify.com/res/images/patt.png,,,,,,,,"With the onset of Spring Bishwabharati University at Shantiniketan gears up for the Basanta Utsav (celebration of spring), the annual Bengali festival to celebrate Holi. It was the poetic mind of Nobel-laureate Rabindranath Tagore, who introduced this lovely occasion in a special way. There is a riot of colours with yellow taking the centre stage. As it’s spring and keeping to true to its spirit everyone is seen attired in colourful dresses. 27th March - 29th March, 2021",,,,,,,Dates:,March,3
33,https://www.holidify.com/places/goa/shigmo-festival-sightseeing-1253653.html,"34. Shigmo Festival, Goa",https://www.holidify.com/res/images/patt.png,,,,,,,,"The Shigmo festival that takes place in the Konkani diaspora of Goa, during the spring season, is a beautiful and auspicious festival of Hindus that celebrates the vibrancy of colours. The festival spans five days. In other regions of the India, Hindus, more commonly, celebrate Holi, which is a part of it. Lying on the west coast, Goa is one of the best places to visit in March to witness the Shigmo Festival. The Hindu community marks the festival by building and painting elaborate mural and idols depicting scenes and tales from Hindu Mythology.  21st March 2021",,,,,,,Dates:,March,3
34,https://www.holidify.com/places/ratnagiri/velas-turtle-festival-sightseeing-1254456.html,"35. Velas Turtle Festival, Ratnagiri",https://www.holidify.com/res/images/patt.png,,,,,,,,"One of the best places to visit in March, the sleepy little village of Velas in the Konkan belt of Maharashtra throngs with travellers and bustles with activity - the ‘Velas turtle festival,’ an annual event dedicated to the conservation of Olive Ridley turtles takes place. Held at the Velas beach of Ratnagiri, 200 kms from Pune, the Velas turtle festival has been gaining much popularity in the eco-tourism sector both nationally and internationally. While the activities of conservation of turtle eggs take place at the beach, the natives of the pristine coastal village offer visitors many exhilarant local activities and culinary experiences, turning the festival into a cherish worthy multi-day event.",,,,,,,,March,3
