,card href,card-heading,card-img-top src,rating-badge,num-photos,mb-3,clickable,clickable 2,clickable 3,card-text,mb-3 2,mb-3 3,collection-cta,collection-cta href,btn,btn href,Time,TimeInNumber
0,https://www.holidify.com/places/hampi/,"1. Hampi, Karnataka",https://www.holidify.com/images/bgImages/HAMPI.jpg,4.5,View 103+ photos,Known For :,"Virupaksha Temple, Hampi",Vithala Temple,Lotus Palace,"Located amidst the ruins of the ancient Vijaynagar empire, Hampi is one of the most historically significant places in India. It used to be the capital of the prosperous Vijaynagar empire. Home to several temples, royal pavilions and platforms, and monuments, Hampi is a UNESCO World Heritage Site in India. The Virupaksha temple located there is an important religious and pilgrim site for Hindus. The overall rocky and rugged environment of Hampi makes it a backpacker’s delight. The weather in November is quite cool and pleasant, which makes it a perfect getaway in November.",October to March,Best Time:,31 Hampi Attractions,https://www.holidify.com/places/hampi/sightseeing-and-things-to-do.html,View Hotels,https://www.holidify.com/places/hampi/hotels-where-to-stay.html,November,11
1,https://www.holidify.com/places/coorg/,"2. Coorg, Karnataka",https://www.holidify.com/images/bgImages/COORG.jpg,4.2,View 31+ photos,Known For :,Abbey Falls,Talakaveri,Raja's Seat,"Popularly known as the Scotland of India and the Kashmir of the South, Coorg is a small hill station located in the South Indian State of Karnataka. The greenery and the natural beauty of the place, coupled with the perfect cool and pleasant climate has made it a hit among vacation-goers, especially the adventure and trekking buffs. Several local tribes and communities are settled here, which makes it a diverse place in terms of culture and society.",October to March,Best Time:,35 Coorg Attractions,https://www.holidify.com/places/coorg/sightseeing-and-things-to-do.html,View Hotels,https://www.holidify.com/places/coorg/hotels-where-to-stay.html,November,11
2,https://www.holidify.com/places/goa/,"3. Goa - Beaches, Sunsets and Crazy Nights",https://www.holidify.com/images/bgImages/GOA.jpg,4.5,View 114+ photos,Known For :,Calangute Beach,Fort Aguada,Cruise in Goa,"Lying on the west coast, Goa is one of the smallest states in India known for its brilliant beaches, scrumptious food and Portuguese heritage. Panjim, the capital city located in the centre is well-connected with an international airport and roads and trains run from North to South part of Goa.",October to March,Best Time:,197 Goa Attractions,https://www.holidify.com/places/goa/sightseeing-and-things-to-do.html,View Packages,https://www.holidify.com/places/goa/packages.html,November,11
3,https://www.holidify.com/places/varkala/,"4. Varkala, Kerala - The hidden treasure of Kerala",https://www.holidify.com/images/bgImages/VARKALA.jpg,4.5,View 23+ photos,Known For :,Water Sports in Varkala,Varkala Beach,Edava Beach,"Varkala is a coastal town in the southern part of Kerala known for the unique 15m high 'Northern Cliff' adjacent to the Arabian Sea. It is popular for its hippie culture, shacks on the cliff serving great seafood and playing global music and the samadhi of Kerala's saint Sree Narayana Guru. Varkala is also known for Jardana Swami Temple, also known as Dakshin Kashi.",Throughout the year,Best Time:,24 Varkala Attractions,https://www.holidify.com/places/varkala/sightseeing-and-things-to-do.html,View Packages,https://www.holidify.com/places/varkala/packages.html,November,11
4,https://www.holidify.com/places/jaisalmer/,"5. Jaisalmer, Rajasthan - November in the Golden City",https://www.holidify.com/res/images/patt.png,4.4,View 38+ photos,Known For :,Jaisalmer Fort,Desert Safari in Jaisalmer,Kuldhara Village,"What is avoided and unkempt in summers is festive, colorful and welcoming by the winters. With its sands a bit cooler, November in Jaisalmer looks forward to its desert safari, walking through its forts, palaces, and havelis and enjoying evenings by its lakes. It easily makes it to the best places to visit in November in India. Situated close to the Pakistan border, Jaisalmer’s Sonar Quilla is a living fort replete with hotels, shops and old and majestic havelis",October to March,Best Time:,39 Jaisalmer Attractions,https://www.holidify.com/places/jaisalmer/sightseeing-and-things-to-do.html,View Packages,https://www.holidify.com/places/jaisalmer/packages.html,November,11
5,https://www.holidify.com/places/pushkar/,"6. Pushkar, Rajasthan- Of Fairs, Festivals and a Holy Lake",https://www.holidify.com/res/images/patt.png,3.8,View 40+ photos,Known For :,Pushkar Lake,Brahma Temple,Savitri Temple,Pushkar is one of the oldest cities in India. It is considered to be of great religious and cultural importance and comes alive in November. It has a lot of temples with a rare one dedicated to Lord Brahma and a holy lake. But this places is most famous for the Annual Pushkar Camel Fair that takes place in November. The dates of Pushkar Fair this year are 26th Oct – 6th Nov 2014. One can take in the colorful atmosphere of the fair or have a laid-back evening on the banks of the Pushkar Lake surrounded by hundreds of temples.,October to March,Best Time:,21 Pushkar Attractions,https://www.holidify.com/places/pushkar/sightseeing-and-things-to-do.html,View Packages,https://www.holidify.com/places/pushkar/packages.html,November,11
6,https://www.holidify.com/places/tarkarli/,"7. Tarkarli, Maharashtra- The lesser known beach holiday",https://www.holidify.com/res/images/patt.png,4.5,View 17+ photos,Known For :,Water sports,Tarkarli Beach,Karli backwaters,"One of the most beautiful beaches of the state, Tarkarli offers long stretches of white sands, a scuba diving destination and an occasional spotting of dolphins. This one gets as close to a perfect beach holiday for November as one can. And we are not even done yet. Find a fort by the sea, a lazy and calm lake and a enjoy a boat ride through its backwaters. If you have raked up a few leaves and have offbeat travel on your mind, this is one of the great places to visit in November in India. To know more about things to do here, read this Tarkarli Travelogue.",October to March,Best Time:,20 Tarkarli Attractions,https://www.holidify.com/places/tarkarli/sightseeing-and-things-to-do.html,View Hotels,https://www.holidify.com/places/tarkarli/hotels-where-to-stay.html,November,11
7,https://www.holidify.com/places/bharatpur/,"8.  Bharatpur, Rajasthan- Bird-watching in November",https://www.holidify.com/res/images/patt.png,4.1,View 13+ photos,Known For :,Bharatpur National Park,Lohagarh Fort,Banke Bihari Temple,"Bharatpur is one of the ideal places to visit in November in India. It is that time of the year when Bharatpur is home not only to a rich variety of local species but to countless birds migrating here for the winters. Find here birds from all the way to Siberia and Central Asia such as Cranes, Pelicans. Wagtails, Geese, Flycatchers, Pipits and countless more, making birdwatchers from all over, visit the park around November. Also spot some land birds, waterbirds.",November to February,Best Time:,12 Bharatpur Attractions,https://www.holidify.com/places/bharatpur/sightseeing-and-things-to-do.html,View Packages,https://www.holidify.com/places/bharatpur/packages.html,November,11
8,https://www.holidify.com/places/kodaikanal/,"9. Kodaikanal, Tamil Nadu - The Princess of Hill Stations",https://www.holidify.com/res/images/patt.png,4.4,View 25+ photos,Known For :,Green Valley View (Suicide Point),Kodaikanal Lake,Bear Shola Falls,"Located in the state of Tamil Nadu, Kodaikanal is one of the most famous honeymoon destinations in India. When you think of Kodaikanal, you think of a wonderful climate, cliffs covered in mist, cloud-capped mountains and beautiful lakes and valleys, and once you visit this hill station, you will find that every bit of what you have imagined it to be is true. Nestled amidst the rolling slopes of the Palani Hills in Tamil Nadu, Kodaikanal stands at an altitude of 7200 feet above sea level and has a cool, pleasant climate all year round. Kodaikanal means the gift of the forests.",September to May,Best Time:,35 Kodaikanal Attractions,https://www.holidify.com/places/kodaikanal/sightseeing-and-things-to-do.html,View Hotels,https://www.holidify.com/places/kodaikanal/hotels-where-to-stay.html,November,11
9,https://www.holidify.com/places/bodh-gaya/,"10. Bodh Gaya, Bihar - A rather sacred November",https://www.holidify.com/res/images/patt.png,4.4,View 20+ photos,Known For :,Mahabodhi Temple,Great Buddha Statue,Tibetan Refugee Market,"Believed to be the most sacred of Buddhist pilgrimage centers all over the world, the town is landmarked by descendants of the very Mahabodhi Tree under which Lord Buddha achieved enlightenment and the neighboring Mahabodhi temple. Visit Bodhgaya during November for the pleasant weather and celebrated hustle bustle, as the town plays host to some monks from Dharamshala.",October to March,Best Time:,26 Bodh Gaya Attractions,https://www.holidify.com/places/bodh-gaya/sightseeing-and-things-to-do.html,View Packages,https://www.holidify.com/places/bodh-gaya/packages.html,November,11
10,https://www.holidify.com/places/sanasar/,"11. Sanasar, Jammu and Kashmir – Quieter hills with livelier skies",https://www.holidify.com/res/images/patt.png,3.8,View 11+ photos,Known For :,Paragliding,Wilderness Adventure Camps(WAC),Naag Mandir,"One of the lesser known hill stations in Jammu-Kashmir region, Sanasar is an adventure enthusiasts' haven offering various activities such as paragliding, rock climbing, abseiling and trekking.If this November, you want to stretch your arms, paragliding over Kashmir’s valleys, trek, rock climb and play golf, mark Sanasar on your maps already. Head over to this little-known town during November, to have just the right mix of a calm and peaceful holiday with a dash of adventure.",April to June,Best Time:,10 Sanasar Attractions,https://www.holidify.com/places/sanasar/sightseeing-and-things-to-do.html,,,November,11
11,https://www.holidify.com/places/sundarban-national-park/,"12. Sundarbans, West Bengal- Royal Bengal Tigers and the largest mangrove forest",https://www.holidify.com/res/images/patt.png,4.3,View 34+ photos,Known For :,Marichjhanpi,Ghoramara Island,New Moore Island,"As monsoons give way to winters, they leave behind the gates to these thick forests open. While the rains made traveling to the mangroves difficult, the much awaited November month bring the most pleasant of temperatures to visit one of the richest and most balanced ecosystems of the country. Sunderbans in November is a sight o behold. Sundarbans Unravelled.",September to March,Best Time:,3 Sundarbans Attractions,https://www.holidify.com/places/sundarban-national-park/sightseeing-and-things-to-do.html,,,November,11
12,https://www.holidify.com/places/santiniketan/,"13. Shantiniketan, West Bengal - A calm November",https://www.holidify.com/res/images/patt.png,4.2,View 10+ photos,Known For :,Tagore's ashrama,Poush Mela,Amar Kutir,"A calm town near Kolkata is known for its Tagore Ashram, the Nobel Laureate’s vision and life events, a museum, and art gallery. Like most of what’s in and around, this university town is best enjoyed during November with its pleasant weather.",Mid August to March,Best Time:,15 Santiniketan Attractions,https://www.holidify.com/places/santiniketan/sightseeing-and-things-to-do.html,View Hotels,https://www.holidify.com/places/santiniketan/hotels-where-to-stay.html,November,11
13,https://www.holidify.com/places/ujjain/,"14. Ujjain, Madhya Pradesh- The city around a Shiva Temple",https://www.holidify.com/res/images/patt.png,4.3,View 21+ photos,Known For :,Mahakaleshwar Jyotirlinga,Kal Bhairava Temple,Ram Mandir Ghat,"Landmarked by the Mahakaleshwar temple by a lake, and all the spirituality and festivity that it gathers around itself, visit Ujjain during November when the weather is pleasant. It is one of the twelve Jyotirlingas, marked by a self-born lingam and the sprawling structure built around it — a great option for places to visit during November in India.",October to March,Best Time:,26 Ujjain Attractions,https://www.holidify.com/places/ujjain/sightseeing-and-things-to-do.html,View Hotels,https://www.holidify.com/places/ujjain/hotels-where-to-stay.html,November,11
14,https://www.holidify.com/places/amritsar/,"15. Amritsar, Punjab - The biggest celebration of Punjab",https://www.holidify.com/res/images/patt.png,4.4,View 44+ photos,Known For :,Golden Temple,Wagah Border,Jallianwala Bagh,"Any word used to describe the celebrations, devotion, and festivity at the Golden temple of Guru Nanak Jayanti in November tends to be an understatement. Guru Nanak Guru-Purab falls in November, but the exact date varies from year to year. While this landmark of the state is always a unique experience, visit Amritsar is one of the places to visit in November in India to find the structure sparkling with lights and witness religion and spirituality as never before.",October to March,Best Time:,33 Amritsar Attractions,https://www.holidify.com/places/amritsar/sightseeing-and-things-to-do.html,View Packages,https://www.holidify.com/places/amritsar/packages.html,November,11
15,https://www.holidify.com/places/varanasi/,"16. Varanasi, Uttar Pradesh – A festival by the river",https://www.holidify.com/res/images/patt.png,4.4,View 23+ photos,Known For :,Kashi Vishwanath Temple,"Ganga Aarti, Varanasi",Dashashwamedh Ghat,"Sometime during the last week of November, the banks of Ganges host one of the most significant festivals of Indian Classical Music and Dance. Other than pilgrims, one finds some of the most celebrated artists like Pandit Birju Maharaj, Kailash Kher performing in Varanasi. Also taking place about during the same time is Dev Deepawali, which is marked by grand aartis and leaves the stairs to the river lit with countless diyas, and the river itself glittering under the reflection of the city. All these aspects make it one of the places to visit in November in India. You can know more about it from our special blog on Dev Deepawali.",October to March,Best Time:,38 Varanasi Attractions,https://www.holidify.com/places/varanasi/sightseeing-and-things-to-do.html,View Hotels,https://www.holidify.com/places/varanasi/hotels-where-to-stay.html,November,11
16,https://www.holidify.com/places/manali/,"17. Manali, Himachal Pradesh",https://www.holidify.com/res/images/patt.png,4.5,View 11+ photos,Known For :,Solang Valley,Rohtang Pass,Old Manali,"This beautiful hill station in Himachal Pradesh is one of the most sought-after tourist destinations in North India. Surrounded by the towering, snow-capped Himalayan peaks and thick pine forests, one can just not get over the sheer raw beauty of this place. The winter months begin from November onwards, and that is when the true scenic beauty of Manali is revealed to the world. It’s also the perfect time to go skiing for all the winter sports enthusiasts. Add Manali to your places to visit in November in India, and you’re bound to have an enchanting experience.",October to June,Best Time:,49 Manali Attractions,https://www.holidify.com/places/manali/sightseeing-and-things-to-do.html,View Packages,https://www.holidify.com/places/manali/packages.html,November,11
17,https://www.holidify.com/places/ziro/,"18. Ziro, Arunachal Pradesh",https://www.holidify.com/res/images/patt.png,4.5,View 12+ photos,Known For :,Tarin Fish Farm - Paddy cultivation,Kile Pakho,Talley Valley Wildlife Sanctuary,"A UNESCO World Heritage Site for all the right reasons, Ziro Valley, is undoubtedly one of the most beautiful places in India. One is bound to fall in love with the scenery of this place, which mainly comprises of rice and paddy fields, high mountains and clean, flowing rivers. It is mainly inhabited by the Apa Tani tribe who are very helpful and hospitable people. Though by November winter sets in here, but the sheer enchanting nature of this place makes it one of the best places to visit in November in India.",Throughout the year,Best Time:,8 Ziro Attractions,https://www.holidify.com/places/ziro/sightseeing-and-things-to-do.html,View Packages,https://www.holidify.com/places/ziro/packages.html,November,11
18,https://www.holidify.com/places/kalimpong/,"19. Kalimpong, West Bengal",https://www.holidify.com/res/images/patt.png,4.1,View 20+ photos,Known For :,Durpin Dara hill,Cactus Nursery,Morgan House,"A hill station which gathered fame post the Colonial Era, Kalimpong is a small, yet serene place situated amidst a backdrop of the mighty snow-covered peaks of the Himalayas. It’s slowly developing into a popular vacation getaway owing to its lovely temperate climate. It is also an important destination for Buddhism in India. Go for a trek and enjoy the natural surroundings of the place, opt to meditate, go for Buddhist tours, or just relax, this place is perfect for all of it.","March to June, September to December",Best Time:,21 Kalimpong Attractions,https://www.holidify.com/places/kalimpong/sightseeing-and-things-to-do.html,View Packages,https://www.holidify.com/places/kalimpong/packages.html,November,11
19,https://www.holidify.com/places/orchha/,"20. Orchha, Madhya Pradesh",https://www.holidify.com/res/images/patt.png,4.5,View 18+ photos,Known For :,"Jehangir Mahal, Orchha Fort",Ram Raja Temple,"Raja Mahal, Orchha Fort","Literally meaning “the hidden place,"" Orchha is one of the marvels located in the central part of India. It used to be the foothold of the Bundela rulers during the medieval period. Though it is also known for it’s rich historical and cultural significance, it’s the spectacular medieval architecture of this place, which attracts tourists from all over the world. The numerous palaces, forts, frescoes, and murals are absolutely exquisite and bound to blow one’s mind. It’s one of the best options for November Holidays in India as the weather is perfect for sightseeing.",July to March,Best Time:,16 Orchha Attractions,https://www.holidify.com/places/orchha/sightseeing-and-things-to-do.html,View Packages,https://www.holidify.com/places/orchha/packages.html,November,11
20,https://www.holidify.com/places/almora/,"21. Almora, Uttarakhand",https://www.holidify.com/res/images/patt.png,3.9,View 20+ photos,Known For :,Zero Point,Jageshwar,Kasar Devi,"Offering a breathtaking, panoramic view of the Himalayas, Almora is a small station in the Kumaon region of Uttarakhand. It’s a popular tourist destination owing to its vibrant culture and heritage, the mouth-watering food and its incredible scenery. Several temples are present here, the most important ones being the Chital and Nanda Devi temples which are flocked by devotees most of the times. Head over to this alluring place for a fun holiday in November.",Throughout the year,Best Time:,16 Almora Attractions,https://www.holidify.com/places/almora/sightseeing-and-things-to-do.html,View Packages,https://www.holidify.com/places/almora/packages.html,November,11
21,https://www.holidify.com/places/kohima/,"22. Kohima, Nagaland",https://www.holidify.com/res/images/patt.png,3.8,View 12+ photos,Known For :,Dzukou Valley and Japfu Peak,Kohima Museum,Touphema Village,"The land of the Nagas, the fierce warrior tribes, Kohima is the capital of the Indian state of Nagaland, a part of the seven sisters, in the North-eastern part of India. It offers a visual treat to the visitors, owing to the rolling green hills and the mountainous background. The Hornbill Festival, which showcases the rich culture and traditions of the 16 different types of Naga tribes, is held in December every year and is a major tourist attraction.",October to June,Best Time:,11 Kohima Attractions,https://www.holidify.com/places/kohima/sightseeing-and-things-to-do.html,View Hotels,https://www.holidify.com/places/kohima/hotels-where-to-stay.html,November,11
22,https://www.holidify.com/places/gir-national-park/,"23. Gir, Gujarat",https://www.holidify.com/res/images/patt.png,4.2,View 13+ photos,Best Time:,,,,"The sole home of the endangered Asiatic Lion, the Gir Wildlife Sanctuary was established in the year 1975, as a need to safeguard the lion population which had fallen steeply due to illegal hunting and poaching. Since the sanctuary has been set up, though government conservation attempts, there has been an increase in the lion population. Though the place is shut during the monsoon season, the winter months are the best time to visit it, as there is an increased possibility of sighting wildlife.",July to March,,,,View Hotels,https://www.holidify.com/places/gir-national-park/hotels-where-to-stay.html,November,11
23,https://www.holidify.com/places/gokarna/,"24. Gokarna, Karnataka - Land of palm trees, blue seas and golden sands",https://www.holidify.com/res/images/patt.png,4.3,View 21+ photos,Known For :,Om Beach,Mahabaleshwara Temple,"Paradise Beach, Gokarna","With its pristine beaches and breathtaking landscapes, Gokarna is a Hindu pilgrimage town in Karnataka and a newly found hub for beach lovers and hippies.",Throughout the year,Best Time:,20 Gokarna Attractions,https://www.holidify.com/places/gokarna/sightseeing-and-things-to-do.html,View Hotels,https://www.holidify.com/places/gokarna/hotels-where-to-stay.html,November,11
24,https://www.holidify.com/places/wayanad/,"25. Wayanad, Kerala - Nature's Abode",https://www.holidify.com/res/images/patt.png,4.3,View 71+ photos,Known For :,Banasura Sagar Dam,Wayanad Wildlife Sanctuary,Chembra Peak,"Replete with waterfalls, historical caves, comfortable resorts and homestays, Wayanad in Kerala is famous for its spice plantations and wildlife. Walking through the sprawling spice plantations, trekking to the pre-historic caves and experiencing a resort holiday are one of the many things you can do to get a taste of Wayanad.",Throughout the year,Best Time:,34 Wayanad Attractions,https://www.holidify.com/places/wayanad/sightseeing-and-things-to-do.html,View Hotels,https://www.holidify.com/places/wayanad/hotels-where-to-stay.html,November,11
25,https://www.holidify.com/places/vagamon/,"26. Vagamon, Kerala",https://www.holidify.com/res/images/patt.png,4.2,View 21+ photos,Known For :,Ulipooni Wildlife Sanctuary,Vagamon Meadows,Pine Hill,"1100 meters above sea, far way from the loud city culture, lush greenery and serenity to gift every visitor, Vagamon could be your quiet offbeat hill station in Kerala away from maddening tourist crowds.",Throughout the year,Best Time:,16 Vagamon Attractions,https://www.holidify.com/places/vagamon/sightseeing-and-things-to-do.html,View Packages,https://www.holidify.com/places/vagamon/packages.html,November,11
26,https://www.holidify.com/places/kutch/,"27. Kutch, Gujarat - The White Desert of India",https://www.holidify.com/res/images/patt.png,4.4,View 30+ photos,Known For :,Rann of Kutch,Kutch Desert Wildlife Sanctuary,Dholavira,"Virtually an island that resembles the shape of a tortoise, Kutch is an erstwhile princely state of India holding onto its grandeur nature from the past.",July to March,Best Time:,17 Kutch Attractions,https://www.holidify.com/places/kutch/sightseeing-and-things-to-do.html,View Hotels,https://www.holidify.com/places/kutch/hotels-where-to-stay.html,November,11
27,https://www.holidify.com/places/ganapatipule/,"28. Ganpatipule, Maharashtra - A Ganesha Temple amidst White Sandy Beaches",https://www.holidify.com/res/images/patt.png,4.3,View 29+ photos,Known For :,Jaigad Fort,Water Sports in Ganapatipule,Swayambhu Ganpati Temple,"Beach town on the Konkan coastline, Ganpatipule has temples of Lord Ganesha as major attractions apart from the beautiful virgin beaches.",November to February,Best Time:,9 Ganapatipule Attractions,https://www.holidify.com/places/ganapatipule/sightseeing-and-things-to-do.html,View Hotels,https://www.holidify.com/places/ganapatipule/hotels-where-to-stay.html,November,11
28,https://www.holidify.com/places/bundi/,"29. Bundi, Rajasthan - The Queen of Hadoti",https://www.holidify.com/res/images/patt.png,3.0,View 11+ photos,Known For :,Taragarh Fort,"Moti Mahal, Bundi","Badal Mahal, Bundi","A princely state for a princely stay, in the northwest of India, lies the district of Bundi, in the Hadoti region of the royal state of . In ancient times, the area around Bundi was apparently inhabited by various local tribes.",October to March,Best Time:,14 Bundi Attractions,https://www.holidify.com/places/bundi/sightseeing-and-things-to-do.html,View Packages,https://www.holidify.com/places/bundi/packages.html,November,11
29,https://www.holidify.com/places/udaipur/,"30. Udaipur, Rajasthan - The city of Lakes",https://www.holidify.com/res/images/patt.png,4.3,View 58+ photos,Known For :,Lake Pichola,"City Palace, Udaipur",Fateh Sagar Lake,"Udaipur, also known as the City of Lakes, is the crown jewel of the state of Rajasthan. It is surrounded by the beautiful Aravalli Hills in all directions, making this city as lovely as it is. This 'Venice of the East' has an abundance of natural beauty, mesmerising temples and breathtaking architecture which makes it a must-visit destination in India.  A boat ride through the serene waters of  will be enough to prove to you why Udaipur is the pride of Rajasthan.",October to March,Best Time:,34 Udaipur Attractions,https://www.holidify.com/places/udaipur/sightseeing-and-things-to-do.html,View Packages,https://www.holidify.com/places/udaipur/packages.html,November,11
30,https://www.holidify.com/places/alwar/,"31. Alwar, Rajasthan - The Tiger Gate of Rajasthan",https://www.holidify.com/res/images/patt.png,3.6,View 16+ photos,Known For :,Bhangarh Fort,Bala Quila Fort,Sariska National Park,"Alwar is the first major city that comes while travelling from Delhi to Rajasthan and is uniquely located at 150 km south of Delhi and 150 km north of Jaipur. Alwar is a hub of tourism with a wide range of forts like Bhangarh fort, lakes, nature reserves like Sariska Tiger Reserve and heritage havelis. Apart from being a popular tourist centre, Alwar also draws pride from its reputation of being featured in a number of Bollywood movies. It is also famous for the Mega Alwar Trade fair held at Dussehra Ground every year and handmade Papier-mâché (literally 'chewed paper'). Alwar has a unique recognition because of Sariska Tiger Reserve, Bala-Quila, Bhangarh Fort, Pandu Pol and other temples and its importance of the food map because of the heavenly Kalakand.",October to March,Best Time:,26 Alwar Attractions,https://www.holidify.com/places/alwar/sightseeing-and-things-to-do.html,View Packages,https://www.holidify.com/places/alwar/packages.html,November,11
31,https://www.holidify.com/places/delhi/,32. Delhi - The Capital City of India,https://www.holidify.com/res/images/patt.png,4.1,View 67+ photos,Known For :,India Gate,Qutub Minar,Humayun's Tomb,"The capital of India, Delhi is a cosmopolitan city with a historic old Delhi and the modern New Delhi. From historical monuments to crowded shopping malls, from an extensive network of the modern metro system to Delhi University campus, Dilli has multiple personalities and is considered to be the city with a heart.",October to March,Best Time:,113 New Delhi Attractions,https://www.holidify.com/places/delhi/sightseeing-and-things-to-do.html,View Packages,https://www.holidify.com/places/delhi/packages.html,November,11
32,https://www.holidify.com/places/sanchi/,"33. Sanchi, Madhya Pradesh - The land of the Stupas",https://www.holidify.com/res/images/patt.png,4.2,View 35+ photos,Known For :,Sanchi Stupa,The Great Bowl,Ashok Pillar,"Located in Madhya Pradesh, the Buddhist monuments of Sanchi are one of the oldest stone structures in India. Designated a World Heritage site by UNESCO, the Great Stupa was installed in the 3rd century BC by Emperor Ashoka of the Mauryan dynasty. The sculptures and monuments present at the site are a fine example of the development of Buddhist art and architecture. The stupa sits atop a hill in Sanchi, 46 km from the city of Bhopal.",July to March,Best Time:,6 Sanchi Attractions,https://www.holidify.com/places/sanchi/sightseeing-and-things-to-do.html,View Hotels,https://www.holidify.com/places/sanchi/hotels-where-to-stay.html,November,11
